,Id,O_score,C_score,E_score,A_score,N_score,Numerical Aptitude,Spatial Aptitude,Perceptual Aptitude,Abstract Reasoning,Verbal Reasoning,Career
0,5837532,5.91,7.57,3.64,7.81,4.08,3.36,9.23,4.16,7.99,8.45,Genetic Counselor
1,4722751,2.67,7.79,7.37,9.34,5.44,5.84,3.21,4.66,3.61,6.18,Pediatric Nurse
2,13034467,5.4,4.17,7.01,6.82,3.56,9.25,2.39,9.34,7.89,8.55,Financial Advisor
3,16057967,7.91,8.21,4.87,8.61,3.81,9.45,8.04,4.81,3.27,9.34,Architect
4,1749929,9.02,8.17,5.59,5.45,4.9,4.76,2.34,6.88,8.23,5.52,Electrical Engineer
5,10063795,4.52,6.76,5.04,6.76,4.49,5.76,8.7,7.44,3.5,4.22,Tax Accountant
6,627027,3.6,7.6,4.88,7.63,5.14,8.7,3.78,3.72,7.08,4.03,Mechanical Designer
7,12865618,6.95,3.56,4.92,6.87,6.0,9.45,3.53,7.2,3.37,5.07,Tax Collector
8,9391254,6.54,8.66,4.98,4.78,6.46,9.45,5.34,4.93,5.2,6.03,Geologist
9,11298505,8.7,7.1,5.23,7.15,5.34,3.65,7.84,4.77,4.14,8.83,Dental Hygienist
10,5248891,3.04,7.02,6.19,4.03,6.36,8.27,2.34,7.41,9.33,8.48,Public Relations Specialist
11,6633302,7.38,9.06,4.49,9.34,5.72,6.14,8.44,3.52,5.06,5.64,Quality Control Inspector
12,1344652,5.66,7.23,4.97,6.1,4.56,5.48,9.23,7.6,3.85,6.23,Speech Therapist
13,13074436,6.79,7.96,3.56,5.53,4.1,5.07,5.97,7.37,3.01,6.78,Database Analyst
14,7892188,5.55,6.85,6.12,7.33,4.13,9.28,3.54,4.17,3.19,5.64,Biologist
15,3626383,8.32,6.54,9.34,5.66,6.26,8.79,2.34,4.33,3.01,9.34,Teacher
16,80949,5.48,9.34,5.75,8.77,3.92,9.45,2.34,6.5,4.8,8.77,Product Manager
17,5004099,5.8,7.21,6.2,7.02,3.95,9.43,2.7,6.95,3.77,6.2,Marketing Manager
18,3823888,5.88,7.38,4.22,6.28,4.38,9.45,6.85,4.1,4.1,3.45,Speech Pathologist
19,8485736,7.3,7.23,4.58,8.42,4.27,5.82,2.55,9.34,8.15,8.94,Diplomat
20,12373869,5.59,7.87,8.95,7.29,5.33,9.44,6.38,7.07,4.13,8.77,Biomedical Engineer
21,15528159,8.02,8.41,5.92,5.42,5.48,3.47,2.34,3.3,7.56,6.44,Journalist
22,4605538,6.09,6.8,9.34,6.44,3.98,6.15,7.3,6.48,6.3,6.29,Physician
23,2049244,6.49,6.96,5.32,9.34,5.66,8.04,7.24,4.25,3.59,8.27,Biotechnologist
24,9752694,5.47,7.11,2.89,4.9,5.63,8.49,7.86,4.43,3.97,7.8,Biotechnologist
25,5011131,2.9,6.99,5.45,6.05,5.48,6.53,3.57,4.26,7.05,5.45,Police Officer
26,7140981,6.71,5.32,7.83,8.3,6.69,7.7,3.13,7.28,3.01,7.94,Dental Hygienist
27,15268112,8.04,7.08,4.97,4.09,4.23,9.45,3.96,6.73,6.23,4.69,Database Administrator
28,4452228,6.01,6.93,5.94,6.69,5.86,5.3,2.34,6.56,3.01,6.81,Urban Planner
29,16476714,6.26,7.59,3.78,3.23,5.84,9.4,2.52,4.3,4.35,7.46,Human Rights Lawyer
30,16318799,6.93,7.16,6.45,5.63,6.06,9.45,4.31,9.34,3.18,5.34,Game Developer
31,11788567,5.63,7.34,7.21,5.07,5.28,5.95,4.97,3.9,5.97,6.52,Software Developer
32,7483714,6.57,5.56,5.56,6.68,5.94,9.37,3.22,9.34,5.78,8.2,Mechanical Designer
33,6035624,7.89,6.65,6.82,4.85,4.44,4.57,6.07,7.09,3.77,7.4,Social Media Manager
34,12413723,5.78,7.37,7.67,9.34,4.26,5.6,3.64,7.36,7.06,7.88,Fashion Designer
35,14559457,4.9,4.57,5.89,4.49,5.55,4.85,4.65,6.75,3.01,7.52,Tax Accountant
36,11773512,8.71,8.38,6.64,6.16,6.54,5.02,3.13,6.83,5.98,3.79,Event Photographer
37,5450220,7.47,7.37,5.34,7.58,4.5,5.32,3.21,6.46,6.69,8.3,Pharmacist
38,1686578,7.6,6.76,9.34,4.54,5.0,7.09,3.49,4.26,3.01,8.69,Astronomer
39,10611129,8.69,7.72,9.34,6.51,6.22,4.6,9.14,5.98,8.32,5.52,Chef
40,13371585,6.97,7.17,6.0,6.81,2.89,5.26,6.95,6.21,3.88,6.33,Software Quality Assurance Tester
41,6005912,7.26,9.45,9.04,7.32,4.69,5.06,3.64,6.93,4.35,6.89,Diplomat
42,2098421,5.61,5.21,5.84,6.5,5.2,5.52,3.86,6.66,3.01,6.15,Environmental Scientist
43,11982510,7.99,7.67,6.47,6.24,8.12,2.89,8.2,7.32,8.42,7.44,Human Rights Lawyer
44,5031373,5.88,6.79,5.02,6.27,5.33,9.24,4.56,6.37,6.27,8.13,Market Research Analyst
45,1271697,8.48,6.74,5.45,6.03,5.93,7.76,9.11,4.5,6.8,4.75,Financial Analyst
46,14419013,8.91,6.98,5.94,6.9,5.73,6.61,8.72,7.02,4.87,4.65,Pharmacist
47,15301802,7.04,6.92,6.42,6.04,5.51,9.45,2.68,6.34,5.76,7.1,Wildlife Biologist
48,10100830,8.03,7.44,8.36,6.35,4.16,7.08,8.83,6.84,3.01,6.32,Human Rights Lawyer
49,6064024,6.72,8.36,6.23,4.0,5.88,7.61,7.82,4.3,5.61,8.92,Environmental Engineer
50,12343535,5.28,6.87,9.34,4.31,4.09,4.6,2.67,6.94,4.31,6.53,Salesperson
51,6324489,7.69,7.35,4.66,3.23,3.83,9.01,3.03,4.38,5.76,8.93,Diplomat
52,13935663,7.46,3.56,9.34,6.86,3.87,9.45,3.87,7.15,6.28,7.59,Social Media Manager
53,12905513,6.67,7.55,4.57,6.37,3.79,5.69,4.06,3.05,3.01,5.26,Marketing Manager
54,6046780,5.91,3.56,5.86,6.24,5.86,6.16,4.27,7.63,5.03,5.48,Robotics Engineer
55,10235077,5.3,6.62,5.95,8.58,5.11,7.56,4.08,4.25,5.74,6.96,Biotechnologist
56,1092359,6.37,7.31,2.89,3.73,5.65,9.11,9.23,8.7,6.66,4.57,Journalist
57,15965349,7.99,7.11,9.34,5.81,5.92,4.61,5.87,9.34,3.01,6.39,Biologist
58,1538625,6.47,8.78,4.56,4.52,4.24,9.45,2.96,9.34,8.48,7.62,Event Photographer
59,12914815,8.11,7.03,3.91,6.81,6.21,9.45,2.34,5.62,6.16,7.53,Marketing Manager
60,4780994,7.4,6.89,5.0,5.01,6.01,8.45,3.04,4.22,5.63,5.84,Advertising Executive
61,10221881,6.41,7.15,8.93,3.49,5.81,8.81,9.23,9.34,6.35,5.81,Electronics Design Engineer
62,12601224,8.7,7.33,5.39,8.06,2.89,4.78,8.09,8.02,6.74,7.91,Social Worker
63,3892669,5.38,6.55,9.02,7.68,5.65,6.08,8.89,3.83,6.22,9.31,Web Developer
64,5087064,5.41,7.29,5.63,5.69,5.92,6.11,6.59,6.56,6.67,6.4,IT Project Manager
65,13286423,6.84,7.03,8.62,6.18,6.97,6.84,4.64,9.1,4.92,6.37,Advertising Executive
66,11844403,8.19,8.46,6.02,8.58,5.6,4.71,3.14,7.09,3.25,3.55,Astronomer
67,4861341,5.76,7.66,5.23,7.13,3.72,6.02,2.34,4.22,6.02,5.34,Teacher
68,12043888,5.7,6.58,4.78,9.14,4.66,7.83,4.37,4.89,3.01,9.34,Market Researcher
69,7751915,8.42,6.53,6.48,5.0,5.41,8.62,6.66,8.93,3.34,5.28,Environmental Engineer
70,16298460,9.45,8.32,8.5,5.74,4.36,6.0,3.53,3.01,6.31,6.39,Social Worker
71,8681179,7.76,6.76,4.88,5.73,3.68,8.7,2.84,4.6,3.74,6.16,Mechanical Designer
72,12555753,5.46,3.56,4.57,9.34,3.55,6.03,4.43,4.62,3.01,9.34,Web Developer
73,6800835,8.33,7.37,4.65,6.98,4.87,9.2,4.18,4.13,6.74,7.82,Rehabilitation Counselor
74,5011374,6.11,5.35,4.78,5.67,3.74,3.49,2.89,7.68,3.01,8.28,Robotics Engineer
75,12555875,9.23,3.56,4.24,6.57,3.8,5.47,2.61,7.08,4.07,7.84,Physician
76,2548993,5.53,7.41,4.7,3.78,3.95,9.45,3.29,6.82,4.27,7.23,Police Detective
77,2564209,7.24,6.41,8.02,7.24,6.53,9.45,6.11,9.15,3.44,5.67,Geologist
78,16134431,6.65,6.79,4.15,6.96,5.59,9.45,3.15,4.09,3.01,5.11,Event Planner
79,3648767,7.77,7.55,6.74,7.13,5.02,9.45,6.96,7.47,4.62,5.03,Product Manager
80,3655130,7.47,8.16,5.53,6.49,6.55,9.4,8.68,8.17,4.82,8.46,Zoologist
81,15359442,5.23,6.95,3.6,8.4,4.14,8.78,3.99,3.66,5.76,7.33,Customs and Border Protection Officer
82,6419635,2.67,6.09,5.26,8.56,2.89,4.73,6.6,9.34,8.64,5.65,Marketing Copywriter
83,3608306,7.34,6.75,6.12,7.54,8.06,4.79,3.51,7.62,4.84,7.7,Product Manager
84,11281824,6.63,7.19,8.51,4.32,4.08,4.99,3.99,7.66,3.01,8.88,Wildlife Conservationist
85,13816366,9.02,6.89,5.08,8.44,5.93,5.48,5.27,4.6,7.05,5.42,Speech Pathologist
86,2128534,5.41,8.62,6.55,3.23,4.28,9.45,4.11,4.32,7.74,6.52,Public Health Analyst
87,5133818,3.8,5.3,5.21,7.33,4.61,4.61,3.32,6.99,3.01,7.71,Artist
88,9114482,8.63,9.17,4.1,9.34,4.22,5.92,5.15,7.37,3.01,5.42,Musician
89,1934482,5.35,9.01,6.17,6.6,3.01,4.08,2.45,6.44,3.01,6.13,Forestry Technician
90,3025666,7.04,8.3,5.2,6.73,4.26,9.45,3.29,4.49,3.26,7.23,Forensic Scientist
91,10391985,7.16,3.56,5.03,5.57,5.77,8.65,3.29,3.79,5.89,4.49,Forestry Technician
92,15643053,6.77,7.33,4.76,5.92,4.88,5.55,6.38,4.74,3.82,7.83,Technical Writer
93,5801613,7.9,7.37,4.28,5.24,4.41,8.92,3.65,7.08,4.63,7.92,Pharmacist
94,3656749,7.72,6.93,6.18,7.04,5.78,5.35,3.44,5.87,3.01,6.21,Pediatric Nurse
95,3068922,5.94,7.68,5.84,6.96,5.97,9.12,6.51,9.11,7.95,3.79,Event Photographer
96,12668240,7.39,9.19,5.27,8.65,3.83,8.87,3.27,4.18,3.01,7.69,Software Developer
97,2511858,9.11,7.77,5.73,3.23,4.41,3.95,2.71,3.87,6.45,6.84,Psychologist
98,2161640,5.84,7.81,7.28,7.25,5.78,7.24,7.17,9.34,4.34,6.92,Interior Designer
99,15144393,6.52,7.54,4.26,7.69,3.27,8.42,3.7,3.45,3.99,9.34,Technical Writer
100,2270268,7.99,7.61,6.95,7.27,5.49,8.95,5.64,6.34,3.01,8.68,Pharmacist
101,201354,5.44,8.12,8.29,6.03,2.89,9.45,8.58,6.76,3.12,7.49,Police Detective
102,4525736,7.99,7.17,8.6,4.33,5.65,6.4,6.13,6.84,3.87,7.4,Environmental Scientist
103,8916483,6.42,8.36,6.29,3.23,4.73,9.45,3.68,8.98,8.81,4.09,Forensic Psychologist
104,14723725,8.56,9.38,4.73,3.77,5.58,3.18,2.34,4.24,7.06,3.61,Architect
105,15881654,5.88,7.19,5.84,7.94,5.78,9.45,3.75,9.34,3.65,5.68,IT Project Manager
106,15256349,8.93,8.15,5.06,9.34,4.11,7.68,7.45,4.08,3.01,4.83,Police Detective
107,14500949,6.64,6.86,5.39,4.98,4.17,9.45,2.38,4.18,3.55,9.01,Market Researcher
108,6778329,7.21,7.36,5.44,6.95,5.44,9.45,8.43,6.62,6.13,6.9,Pediatric Nurse
109,6351564,6.64,8.23,4.2,8.22,6.82,9.45,2.64,4.37,6.54,8.64,Social Media Manager
110,8760654,6.91,7.59,4.99,8.36,4.94,8.4,3.87,4.8,6.5,8.06,Architect
111,13655633,7.05,7.62,5.03,8.57,4.43,9.45,2.35,4.24,7.19,3.45,Astronomer
112,1204130,9.09,7.94,5.21,3.23,3.93,9.17,2.87,4.72,6.31,7.65,Interior Designer
113,12570335,8.78,7.13,5.9,8.18,5.12,5.3,4.04,6.65,7.61,5.72,Database Administrator
114,6364560,8.18,7.1,8.91,5.43,2.89,9.35,7.6,4.24,8.27,5.57,Wildlife Conservationist
115,5328994,6.68,9.35,7.22,6.05,6.31,6.58,5.48,7.86,6.5,6.68,Air Traffic Controller
116,6668044,8.49,6.53,6.45,4.95,5.63,8.24,3.65,3.7,3.35,6.82,Artist
117,7666153,6.76,6.89,5.74,8.08,4.37,8.37,6.66,7.68,7.39,8.76,Foreign Service Officer
118,15079119,8.05,7.35,5.49,5.11,5.95,9.45,9.23,4.36,3.44,8.5,Web Developer
119,8703356,7.11,8.0,5.37,4.43,3.84,7.66,3.42,6.15,6.58,4.21,Mechanical Engineer
120,7132187,5.92,8.03,5.46,6.36,5.39,5.76,3.09,5.0,4.05,9.02,Public Health Analyst
121,5749476,7.13,8.49,4.58,4.47,4.4,8.91,2.34,8.91,4.01,8.53,Social Media Manager
122,2135447,5.39,6.87,4.14,6.1,5.03,6.21,2.7,7.19,7.77,5.88,Musician
123,15864828,7.37,8.68,5.59,6.28,5.45,4.62,3.15,7.68,6.33,5.68,Research Scientist
124,4587070,5.58,3.56,5.9,4.58,5.05,9.45,4.02,9.34,8.06,8.95,Human Rights Lawyer
125,14389313,8.85,3.56,6.46,7.54,3.58,9.45,8.95,8.44,3.01,4.82,Data Analyst
126,8311756,6.43,7.24,6.46,8.26,5.28,8.56,9.23,9.34,6.77,5.52,Social Worker
127,5669624,6.12,7.64,8.96,3.23,5.22,8.42,6.43,3.36,5.54,3.99,Occupational Therapist
128,11628277,6.07,8.79,7.2,5.54,5.65,5.15,2.51,4.88,3.01,7.88,Marketing Manager
129,14348903,6.73,7.41,8.66,6.45,4.46,5.76,3.38,3.77,3.01,5.41,Environmental Scientist
130,5464775,6.01,8.25,4.57,6.14,6.12,5.72,3.59,8.22,4.39,7.54,Speech Therapist
131,11927965,5.47,5.97,5.88,9.05,4.97,3.95,2.65,7.43,3.01,8.84,Event Photographer
132,9513504,7.2,8.27,9.34,6.42,5.74,4.88,2.34,6.29,6.92,5.99,Database Administrator
133,14332163,5.93,7.77,8.58,5.06,3.73,9.45,3.16,6.16,3.01,9.1,Dental Hygienist
134,14318948,6.9,8.76,5.17,3.23,3.66,4.56,7.29,4.17,7.97,8.34,Marketing Copywriter
135,15640785,8.16,4.42,4.38,8.79,5.01,3.55,7.8,6.64,4.65,7.05,Wildlife Conservationist
136,1953688,4.92,6.81,9.34,9.34,7.45,9.32,9.23,6.99,3.1,7.69,Environmental Scientist
137,12285588,8.95,6.39,5.09,5.1,5.58,9.45,3.59,5.65,4.72,3.62,Elementary School Teacher
138,11949606,6.48,7.43,4.11,4.63,6.21,4.88,6.81,6.89,6.74,8.35,Tax Accountant
139,4507985,6.66,3.56,5.38,5.16,6.2,4.56,6.59,5.93,4.8,8.12,Fashion Stylist
140,848907,6.26,5.03,6.63,7.66,2.89,8.82,3.26,5.16,8.13,7.75,Financial Advisor
141,9468839,5.74,6.87,6.38,3.82,5.81,9.45,6.56,6.64,5.86,7.11,Urban Planner
142,3061593,5.92,6.78,7.82,7.34,4.54,7.52,4.12,7.07,3.64,7.04,Customs and Border Protection Officer
143,1873193,7.91,7.28,9.34,5.71,4.23,6.26,2.78,7.3,8.37,7.44,Product Manager
144,7881777,7.9,7.29,5.04,7.39,5.17,5.17,4.06,6.63,7.16,6.55,Human Resources Manager
145,7774590,5.44,3.56,5.27,6.02,4.2,5.74,6.05,3.8,7.16,6.01,Financial Advisor
146,31703,5.03,8.27,5.86,6.07,3.84,5.75,6.79,7.77,5.41,9.03,Dental Hygienist
147,13874704,6.83,7.33,5.45,6.59,5.85,4.98,2.35,8.51,3.01,3.5,Environmental Scientist
148,1551681,4.56,6.96,6.57,6.76,6.22,4.29,3.62,7.27,3.31,6.97,Forensic Scientist
149,8382048,7.57,7.61,5.12,8.37,5.84,3.39,5.52,9.07,3.01,5.76,Financial Analyst
150,1346910,7.99,7.2,4.69,4.86,2.89,5.37,2.34,6.71,5.81,9.34,Wildlife Conservationist
151,11428798,7.11,7.12,5.73,6.33,5.54,4.81,6.09,4.67,5.26,7.62,Human Rights Lawyer
152,8684428,7.1,6.54,5.85,5.88,3.61,4.66,8.56,6.4,6.26,5.51,Event Planner
153,6346856,6.29,7.28,8.6,6.62,5.65,5.43,5.63,3.91,7.27,6.46,Diplomat
154,1865060,6.76,3.56,5.65,4.45,4.32,3.93,2.64,7.02,6.23,9.22,Salesperson
155,2187513,6.65,7.15,6.0,5.8,2.89,9.45,3.45,9.34,3.01,6.0,IT Project Manager
156,13423227,6.85,7.18,6.21,5.4,4.98,6.3,6.58,6.46,4.61,9.34,Forensic Scientist
157,8852110,8.04,7.58,3.63,5.05,4.2,4.07,3.93,6.06,5.46,8.83,Market Researcher
158,7457902,5.52,7.37,5.06,4.74,5.12,8.61,2.34,5.55,7.36,3.62,Tax Accountant
159,11460208,2.67,7.85,5.86,7.59,3.74,9.22,3.82,3.43,3.15,5.65,Accountant
160,12931908,7.83,7.39,3.11,8.43,5.53,6.24,5.44,7.21,7.81,8.1,Advertising Executive
161,15917456,6.76,7.73,5.77,8.11,3.79,7.16,7.0,5.68,4.24,7.46,Human Resources Manager
162,1895148,8.34,7.9,5.59,7.44,2.89,8.73,3.28,6.97,3.21,9.16,Financial Auditor
163,5264578,8.48,6.94,3.81,8.13,5.74,9.45,9.23,3.98,3.01,5.96,Zoologist
164,10791379,5.32,7.03,5.77,8.56,4.19,7.54,3.05,6.24,3.01,3.95,Radiologic Technologist
165,7413774,5.86,8.49,5.47,6.0,2.89,9.45,3.01,4.67,5.9,8.81,Speech Therapist
166,15928421,6.37,7.76,9.34,7.37,4.71,3.18,8.65,9.34,3.82,4.42,Marketing Coordinator
167,15240238,6.93,8.55,3.39,5.83,3.71,5.84,5.55,3.87,4.33,7.12,Wildlife Biologist
168,13703453,5.64,7.91,5.86,4.39,3.58,5.29,3.09,8.43,7.71,4.77,Urban Planner
169,10179947,7.89,7.65,6.51,5.79,3.95,9.16,6.76,7.34,8.13,7.3,Financial Auditor
170,3880851,7.25,8.24,5.71,7.55,4.97,9.45,7.46,6.7,5.47,8.48,Journalist
171,10119445,5.47,7.25,5.49,8.16,5.07,8.34,3.47,7.17,7.88,6.46,Marketing Copywriter
172,11916488,6.22,8.41,2.89,6.56,5.61,8.74,3.47,9.21,4.52,7.59,Salesperson
173,14778474,7.1,7.86,5.64,5.68,5.59,4.5,2.66,9.18,7.86,5.95,Financial Analyst
174,1641014,5.55,7.13,4.69,5.38,4.41,9.45,3.85,7.5,3.67,4.68,Tax Collector
175,5907163,5.63,7.86,6.08,7.21,6.19,4.13,6.78,7.68,3.01,4.66,Fashion Stylist
176,1647244,6.6,6.62,6.09,7.49,3.7,7.51,3.64,4.02,4.09,6.49,IT Project Manager
177,6421633,7.08,8.19,4.97,6.07,6.54,8.23,4.03,3.01,3.01,5.84,Police Detective
178,4326632,8.47,7.29,5.46,7.78,6.63,5.89,3.78,7.53,3.23,7.61,Teacher
179,5909462,6.42,7.12,5.22,6.24,4.36,4.85,6.78,7.26,3.53,8.62,Database Administrator
180,15701508,2.67,6.86,6.66,4.57,4.92,7.96,2.76,8.9,3.78,8.0,Biomedical Engineer
181,15608059,7.73,6.95,4.74,8.32,4.17,8.98,4.2,6.37,6.41,8.92,Elementary School Teacher
182,4062748,8.05,7.67,9.02,7.35,5.05,6.33,2.72,6.12,6.16,4.66,Chiropractor
183,2303388,5.95,8.11,4.56,5.71,5.44,8.61,3.46,3.77,6.16,9.31,Tax Collector
184,1605831,3.03,7.85,6.18,4.73,4.28,8.69,2.71,9.34,3.41,7.42,Financial Advisor
185,5450447,7.41,6.55,6.67,6.55,4.79,8.09,4.8,6.91,6.0,4.67,Pediatric Nurse
186,6777127,7.09,7.97,5.4,6.02,6.04,8.84,6.89,6.8,3.01,8.15,Police Detective
187,15936011,7.02,8.5,8.5,9.05,5.63,8.75,2.36,3.49,3.01,8.49,Advertising Executive
188,820952,6.4,8.56,3.58,4.34,3.89,7.75,3.1,6.81,3.01,8.87,Geologist
189,3593976,2.67,7.53,9.34,9.34,4.75,6.08,7.08,4.26,3.01,8.22,Film Director
190,5401173,6.37,8.42,7.54,6.94,5.37,8.48,6.91,7.31,7.74,4.99,Genetic Counselor
191,13086767,7.61,7.21,5.11,5.84,5.5,8.83,3.11,4.5,3.01,4.72,Financial Auditor
192,1697113,6.74,7.59,5.95,6.61,5.53,9.45,4.72,7.66,4.84,6.35,Marketing Analyst
193,285570,6.06,7.68,7.87,6.52,6.28,5.28,2.34,6.88,3.01,6.28,Marketing Analyst
194,5394502,8.44,7.63,9.34,8.09,5.87,9.44,3.03,6.73,3.29,7.99,Police Officer
195,13014414,7.46,5.1,4.51,4.79,5.78,8.15,2.96,9.34,3.38,7.9,Police Detective
196,13206668,5.99,7.43,4.22,7.19,5.31,5.26,2.45,4.32,4.06,5.92,Software Quality Assurance Tester
197,11063338,5.18,7.26,5.55,5.24,2.89,3.8,6.76,5.11,4.22,7.7,Public Relations Specialist
198,11332915,7.99,7.29,6.08,3.58,5.39,6.09,3.51,5.11,7.52,4.75,Biomedical Researcher
199,8886995,7.84,8.34,5.96,5.51,6.32,7.47,3.05,6.6,5.36,4.94,Pharmacist
200,15210095,8.0,8.41,3.8,3.23,5.76,9.45,8.93,7.51,3.01,7.12,Tax Collector
201,13991806,6.77,8.88,8.71,7.89,4.21,9.07,2.34,3.44,3.01,5.42,Pediatric Nurse
202,13526787,7.41,7.64,4.83,8.09,4.54,8.54,3.0,7.04,3.01,7.96,Customs and Border Protection Officer
203,10188902,5.75,8.18,4.35,7.61,2.89,5.58,3.37,3.31,6.75,8.69,Video Game Tester
204,5520105,7.35,3.56,9.34,6.24,2.89,9.45,6.87,7.3,5.77,6.69,Investment Banker
205,3037093,7.48,7.62,9.12,4.3,6.32,5.43,4.63,7.17,6.19,6.3,Database Administrator
206,1820077,7.42,6.86,5.35,5.99,3.64,4.95,7.43,7.57,6.37,6.88,Urban Planner
207,157339,8.89,7.33,5.65,9.34,4.3,6.13,6.56,4.44,3.87,6.38,Speech Therapist
208,14490189,6.48,5.98,3.59,7.49,5.52,7.39,7.41,7.71,8.18,6.28,Aerospace Engineer
209,11277463,8.32,7.11,5.2,7.48,2.89,9.41,3.19,6.07,6.05,6.53,Financial Analyst
210,12739469,9.45,7.48,5.3,6.59,3.62,5.73,2.34,6.58,3.01,6.96,Biotechnologist
211,8907762,9.14,6.87,6.05,5.03,6.01,6.7,9.23,9.34,6.87,7.81,Tax Accountant
212,10038024,7.39,9.45,4.54,8.19,6.34,5.97,9.23,7.05,7.43,3.83,Occupational Therapist
213,16770010,7.97,7.48,9.34,8.13,3.94,8.21,7.57,4.3,3.01,5.72,Foreign Service Officer
214,6884489,6.19,7.98,4.79,5.67,5.88,9.45,8.19,3.24,3.8,9.34,Market Research Analyst
215,1651185,7.82,6.84,6.83,5.38,4.47,3.78,2.96,7.4,7.98,5.25,Psychologist
216,8825163,6.46,7.79,7.74,3.47,6.08,9.42,4.12,9.34,5.49,7.94,Architect
217,6874875,6.34,8.65,5.18,5.06,4.32,4.3,3.39,7.02,7.92,8.65,Real Estate Agent
218,15252752,6.02,5.89,3.6,6.04,4.97,7.62,5.06,3.14,3.01,7.77,Customs and Border Protection Officer
219,12526510,5.7,7.05,5.63,4.14,2.89,9.45,8.92,7.16,3.92,6.45,Psychologist
220,5864664,5.83,4.1,5.5,5.79,4.38,5.74,5.79,6.69,3.6,6.9,Data Analyst
221,11536433,7.41,7.65,5.01,5.3,5.39,4.74,3.31,8.03,3.17,8.33,Marketing Copywriter
222,13447679,7.3,3.56,7.63,5.64,5.78,4.6,3.0,7.68,4.35,6.85,Zoologist
223,13197997,5.73,7.99,8.35,7.45,5.48,8.02,8.03,5.22,7.41,5.85,Public Relations Specialist
224,14899794,6.14,8.13,6.05,8.17,4.12,5.37,2.36,5.59,3.84,8.42,Physician
225,8559994,6.55,6.48,5.23,4.51,5.4,4.56,3.17,9.12,3.75,4.4,Occupational Therapist
226,7461537,2.67,7.37,3.42,5.27,4.12,3.89,3.35,6.99,3.68,8.02,Game Developer
227,15712143,7.17,7.69,6.05,8.14,4.5,9.45,2.8,7.25,4.31,5.61,Speech Therapist
228,1147136,6.81,9.14,8.34,7.28,5.34,9.45,3.22,3.75,4.03,5.27,Radiologic Technologist
229,13244151,8.07,7.28,5.7,4.96,5.61,5.95,2.92,4.68,4.21,4.56,Robotics Engineer
230,7760391,6.09,7.71,3.59,6.24,5.5,5.21,2.37,9.34,3.01,7.72,Foreign Service Officer
231,377792,6.95,7.28,4.88,5.91,6.6,9.24,8.57,4.44,3.01,6.97,Technical Writer
232,12457768,5.76,3.56,9.0,4.37,3.94,5.39,3.22,4.3,3.01,7.46,Environmental Engineer
233,14029445,2.67,9.14,4.09,5.61,4.65,8.37,2.34,4.71,4.9,4.5,Forensic Scientist
234,2791015,6.37,6.6,4.7,7.59,5.12,4.53,3.23,7.43,3.01,9.34,Artist
235,6029556,4.59,7.26,4.36,5.45,2.93,9.45,8.87,7.35,6.27,6.56,Game Developer
236,1649423,5.81,7.74,5.97,9.12,2.89,8.89,7.77,6.55,6.83,6.78,Physical Therapist
237,1770060,8.72,6.74,6.86,6.04,5.53,9.4,2.9,4.7,4.94,6.69,Elementary School Teacher
238,9193468,5.94,8.87,5.02,5.05,4.14,9.45,2.75,6.95,8.92,6.31,Event Planner
239,13980281,8.55,6.26,5.12,6.76,3.95,9.45,3.8,4.41,6.37,8.95,Zoologist
240,1165242,5.75,6.81,9.34,3.53,4.08,9.09,2.84,4.05,3.51,4.65,HR Recruiter
241,5478008,9.45,7.71,5.61,5.13,4.34,7.24,8.4,3.39,3.24,5.01,Product Manager
242,12838734,5.91,3.56,3.29,6.49,3.97,9.4,4.25,9.34,3.77,3.45,Speech Pathologist
243,7870098,8.94,5.83,3.83,5.82,3.57,5.73,3.48,4.78,4.46,5.84,Architect
244,10779359,5.15,6.97,9.34,5.71,5.8,9.43,4.04,7.58,6.9,6.96,HR Recruiter
245,13789993,5.93,7.06,5.41,4.03,6.34,5.68,2.41,9.34,6.86,9.29,Market Researcher
246,3697522,7.77,8.14,6.05,7.26,4.06,9.45,3.53,4.94,3.99,6.8,Architect
247,13371741,9.21,8.1,5.42,7.97,7.73,7.29,2.98,4.19,3.01,6.25,Salesperson
248,9421469,7.46,3.56,2.89,6.61,6.43,5.73,3.17,7.64,6.5,4.14,Video Game Tester
249,13644915,6.76,7.84,7.13,9.34,4.36,9.33,3.53,6.51,4.95,8.75,Human Rights Lawyer
250,8575678,8.09,7.3,7.45,6.39,4.06,9.45,4.37,7.38,7.49,6.86,Marriage Counselor
251,1700339,5.32,8.38,7.55,3.7,5.65,4.91,2.77,6.7,7.9,4.88,Urban Planner
252,1789047,5.86,7.91,5.43,5.56,5.5,9.45,3.6,9.34,7.82,6.66,Investment Banker
253,9919268,6.97,3.56,5.76,6.36,4.24,5.41,8.97,4.05,5.2,4.79,Air Traffic Controller
254,13286650,5.37,7.81,5.64,9.34,4.72,5.01,4.97,4.86,3.01,8.62,Quality Control Inspector
255,8349295,8.83,7.27,5.83,7.98,4.88,4.54,2.48,3.99,6.48,5.78,Human Rights Lawyer
256,6539440,5.38,8.43,9.07,4.61,4.02,9.32,2.76,8.54,5.86,5.28,Construction Engineer
257,13983527,6.01,9.27,4.56,5.91,2.89,9.45,2.34,7.61,6.42,9.34,Marriage Counselor
258,11275383,5.55,8.31,9.34,5.71,4.85,3.98,4.93,3.62,3.24,6.15,Astronomer
259,61488,4.91,7.48,9.34,8.93,5.75,3.7,4.17,6.0,6.45,8.81,Film Director
260,10957416,5.74,7.59,3.19,5.9,6.39,7.8,3.78,4.94,7.79,9.32,Lawyer
261,13677330,5.26,3.56,5.12,6.81,5.98,9.45,5.09,7.56,7.57,5.28,Construction Engineer
262,4484454,2.67,8.14,2.89,9.14,4.3,9.45,3.53,7.36,3.01,7.09,Sports Coach
263,906223,8.72,9.2,8.09,4.56,6.43,9.13,4.19,9.34,5.52,6.19,Event Planner
264,2214757,7.5,5.44,4.1,7.77,4.07,9.45,7.19,6.86,3.02,5.98,Event Planner
265,16279439,8.2,8.47,8.48,8.73,4.46,8.06,2.96,4.12,3.05,9.25,Salesperson
266,13563674,6.04,7.41,5.1,9.25,2.89,8.17,3.26,3.54,8.25,7.7,Web Developer
267,13780428,3.13,3.56,3.75,8.0,4.95,3.7,9.23,4.14,3.01,5.74,Customs and Border Protection Officer
268,14407230,6.06,8.51,5.85,4.26,5.82,6.14,2.5,3.01,5.96,4.94,Industrial Engineer
269,6977416,7.68,7.25,6.47,6.84,4.06,5.68,8.43,3.07,7.61,4.51,Financial Analyst
270,10338426,7.06,8.2,3.72,7.8,4.96,6.16,2.34,7.15,3.01,5.83,Nurse
271,5628181,8.05,8.55,4.24,7.88,5.06,9.45,2.92,4.51,5.94,8.48,Software Developer
272,6480420,5.73,7.88,5.93,6.32,5.6,9.45,3.96,3.01,3.01,5.55,Financial Analyst
273,10135992,6.87,7.45,4.61,5.07,6.9,8.31,6.81,3.11,3.52,5.59,Software Developer
274,1875372,6.93,6.79,8.01,6.13,5.05,5.89,6.25,7.13,4.46,5.6,Film Director
275,12417660,8.82,7.51,5.69,5.99,3.88,7.35,2.83,6.4,6.62,5.65,Research Scientist
276,9307915,8.02,8.07,4.83,6.74,5.57,9.45,3.4,7.78,7.69,7.8,Forensic Psychologist
277,920978,6.54,3.56,4.84,4.45,2.89,4.43,2.34,4.73,3.01,5.88,Data Analyst
278,6469946,4.14,3.96,5.03,7.79,4.87,4.95,3.41,7.4,5.74,7.67,HR Recruiter
279,7145428,8.44,6.58,5.51,8.41,2.89,9.45,2.53,7.24,5.78,9.34,Airline Pilot
280,7625056,9.14,7.32,9.34,8.53,3.6,5.74,3.79,5.91,3.01,3.88,Chiropractor
281,14125758,6.68,7.53,5.48,5.81,4.49,8.99,5.19,4.83,4.11,8.77,Biologist
282,11040287,6.35,6.34,6.5,4.9,5.87,5.74,2.57,6.87,6.49,7.85,Software Quality Assurance Tester
283,5698385,6.38,7.79,5.15,9.34,5.8,3.6,4.93,4.28,3.01,4.72,Aerospace Engineer
284,6905846,5.34,6.73,5.81,3.23,4.04,4.95,3.44,6.37,3.01,7.22,Public Relations Specialist
285,1382367,5.11,8.36,3.9,6.44,4.09,9.45,6.83,4.13,4.91,6.04,Occupational Therapist
286,7831587,6.26,6.68,6.18,5.08,5.88,8.04,4.5,6.91,8.49,6.47,Electrical Engineer
287,8834293,5.16,7.0,4.21,7.03,5.42,8.39,2.71,9.22,6.55,7.21,Industrial Engineer
288,8721842,7.44,7.15,5.28,5.55,6.58,9.21,4.27,6.71,3.59,4.28,Zoologist
289,8186825,7.42,3.56,9.34,4.3,4.07,9.45,6.4,6.67,3.24,5.86,Environmental Engineer
290,8010825,6.86,7.64,8.5,6.22,5.76,4.79,2.84,3.45,6.76,8.38,Marriage Counselor
291,7293193,8.95,7.11,3.67,7.01,5.69,4.92,7.57,4.13,3.17,4.81,Human Rights Lawyer
292,3788326,5.93,3.56,5.76,5.39,3.63,4.88,2.4,3.68,5.11,3.97,Industrial Engineer
293,6064724,7.22,7.56,5.53,4.36,2.89,8.96,3.58,5.2,4.64,7.27,Financial Advisor
294,8374238,8.21,3.56,5.01,5.65,4.08,5.93,9.02,7.57,3.12,3.76,Elementary School Teacher
295,7131826,6.03,8.44,7.12,3.77,4.08,5.33,5.06,7.05,6.07,6.23,Mechanical Engineer
296,15263180,7.57,8.07,4.21,8.67,5.58,5.38,3.21,9.06,7.35,4.04,Forestry Technician
297,14732435,7.48,5.29,5.06,4.81,5.73,9.45,4.31,9.34,5.69,4.33,Accountant
298,2235051,6.35,6.97,7.13,5.38,6.19,5.08,7.35,5.13,3.01,3.77,Chef
299,7839339,7.99,3.75,6.04,7.13,6.01,5.67,2.53,4.34,5.54,6.67,Diplomat
300,14581781,6.47,6.91,8.99,3.23,5.8,4.42,6.37,7.3,8.33,4.56,Human Resources Manager
301,1562185,6.08,8.42,8.25,5.72,5.92,9.45,3.16,6.21,3.01,6.31,Airline Pilot
302,2978119,8.02,5.72,4.97,4.35,4.47,7.62,3.17,7.94,3.01,6.97,Public Relations Specialist
303,633355,8.05,7.88,5.38,6.75,4.65,8.06,3.68,6.98,7.21,5.53,Police Officer
304,14047413,6.18,7.41,5.0,7.81,4.94,3.9,9.03,9.34,4.51,5.16,Pediatric Nurse
305,13351626,5.62,6.1,6.38,6.8,5.59,8.4,2.83,7.79,3.01,6.9,Speech Therapist
306,2992377,5.28,6.4,6.14,4.97,4.02,3.37,3.14,3.8,4.01,8.61,Financial Planner
307,9982571,9.12,3.56,5.86,5.71,3.41,8.05,3.97,4.39,3.06,7.51,Mechanical Engineer
308,14408729,2.67,6.89,4.36,4.26,5.41,4.43,8.63,6.82,3.11,4.47,Teacher
309,5203644,5.45,8.46,5.02,3.23,5.59,4.53,5.12,6.38,4.52,6.69,Salesperson
310,7890299,6.61,6.49,9.34,5.59,3.42,4.2,7.12,4.49,3.01,8.26,Rehabilitation Counselor
311,7582331,5.71,6.91,9.13,6.47,5.2,8.04,8.8,4.2,3.66,8.19,Customs and Border Protection Officer
312,5708655,9.19,7.6,5.5,5.31,3.83,9.06,3.93,4.79,7.28,6.81,Airline Pilot
313,11642445,5.78,3.56,5.95,6.0,2.89,8.65,2.81,3.9,3.01,6.61,Geologist
314,1605164,7.39,7.32,4.96,5.26,3.71,9.45,7.13,7.51,3.01,9.28,Database Analyst
315,6657471,8.76,6.18,4.27,6.95,3.9,6.05,2.42,9.34,3.01,8.12,Event Photographer
316,10091103,5.04,7.62,5.68,6.53,5.38,9.2,9.23,4.37,3.01,8.99,Biomedical Engineer
317,12233323,8.35,7.56,4.96,9.06,4.45,8.48,7.13,3.89,4.07,6.17,Zoologist
318,12402111,7.85,7.7,5.12,6.32,6.08,9.32,2.56,4.27,4.33,9.2,Speech Therapist
319,6259753,5.38,7.17,5.32,7.26,6.38,8.08,3.74,3.94,6.69,8.32,Advertising Executive
320,12247361,8.68,7.64,3.48,5.4,3.77,4.87,3.04,7.4,3.01,5.84,Aerospace Engineer
321,4589113,7.61,7.65,4.05,6.34,5.8,9.45,9.23,4.21,7.73,8.46,Zoologist
322,13937732,7.8,8.21,5.59,8.99,2.89,9.06,2.34,7.34,3.01,8.18,Product Manager
323,2132596,8.14,3.56,5.0,5.55,5.32,9.45,3.4,7.49,7.02,7.31,Administrative Officer
324,190496,6.62,7.29,4.06,6.37,4.16,8.93,8.7,6.16,4.54,7.43,Lawyer
325,14951645,7.18,8.62,5.65,6.08,4.6,5.36,3.5,7.27,4.2,5.3,Urban Planner
326,9207249,6.27,6.97,5.86,7.1,3.93,6.02,6.98,4.15,6.98,7.71,Pediatric Nurse
327,9158236,7.7,7.35,9.34,5.94,4.71,9.45,2.38,6.83,3.01,8.9,Data Analyst
328,1723841,8.34,6.1,4.4,6.69,2.89,4.93,3.31,4.15,3.01,6.68,Salesperson
329,13457525,7.08,7.39,5.56,8.74,4.51,9.45,2.67,6.53,4.69,7.75,Video Game Tester
330,15638037,6.87,3.56,5.83,5.21,3.92,9.45,7.68,6.99,3.01,5.16,Occupational Therapist
331,6771521,7.72,7.41,6.47,5.53,2.89,9.45,8.45,9.34,3.29,8.79,Psychologist
332,3916542,7.71,7.96,5.52,5.15,3.91,6.43,3.18,4.35,6.15,5.61,Database Analyst
333,6965260,6.29,9.07,3.82,6.09,5.83,9.45,2.34,4.77,7.03,6.61,Forestry Technician
334,3636870,8.71,7.66,5.34,5.09,4.04,9.0,9.23,3.31,9.34,6.34,Event Photographer
335,6337128,7.67,7.94,4.76,6.59,4.44,5.3,2.96,9.34,6.93,6.14,Pediatric Nurse
336,4443050,7.4,7.06,5.82,8.38,4.69,8.96,6.25,4.8,3.01,8.05,Quality Control Inspector
337,16072085,6.65,6.79,4.41,6.21,4.09,4.74,9.23,4.2,4.67,5.15,Mechanical Engineer
338,8420555,7.47,7.72,6.16,6.13,5.92,4.78,7.69,6.99,3.18,6.71,Environmental Scientist
339,1785775,6.65,7.76,5.76,6.27,7.0,9.04,2.69,4.91,3.41,5.64,Biologist
340,9813014,6.16,8.12,6.54,9.34,5.22,5.1,2.71,4.65,4.78,8.71,Event Photographer
341,9462862,5.64,7.32,9.34,4.89,5.82,7.96,9.23,6.98,8.11,9.16,Electronics Design Engineer
342,3882945,6.11,7.71,8.34,7.37,5.25,8.99,6.48,7.3,6.81,7.5,Database Administrator
343,4621158,6.05,6.73,6.37,7.18,5.59,8.55,8.51,3.88,7.74,6.31,Financial Analyst
344,8102815,5.74,7.6,4.76,8.17,2.89,8.72,6.85,5.0,3.01,6.29,Artist
345,10459881,2.67,6.88,4.99,7.79,5.68,6.82,3.43,7.0,4.61,6.51,Real Estate Agent
346,906551,4.85,7.55,5.96,5.5,4.9,5.33,3.01,6.71,4.87,6.99,IT Support Specialist
347,965149,7.08,7.86,2.99,5.96,4.49,9.45,6.66,3.73,7.89,7.18,Social Worker
348,6879419,7.37,6.45,9.34,7.18,6.2,9.09,3.29,3.32,4.1,6.95,Graphic Designer
349,9299851,5.92,6.9,6.75,9.34,4.28,6.05,3.88,6.94,3.01,5.71,Tax Accountant
350,682441,8.37,8.13,3.37,9.05,5.72,7.97,3.82,8.14,3.71,6.73,Software Developer
351,310299,6.35,7.24,4.6,8.59,5.57,5.02,3.83,3.78,5.04,5.11,Biomedical Engineer
352,278006,2.67,7.67,4.51,5.51,5.91,5.27,3.13,4.88,3.01,6.98,Graphic Designer
353,2111743,5.72,4.63,5.38,6.42,4.12,9.45,2.34,6.83,3.01,7.79,Radiologic Technologist
354,6093554,5.12,8.5,6.17,5.87,5.32,7.23,4.06,5.62,8.53,7.7,Biotechnologist
355,1115185,8.77,7.43,6.21,6.88,5.11,9.45,2.68,8.36,6.26,7.47,Radiologic Technologist
356,10512998,4.8,7.34,4.79,6.9,6.2,5.97,7.71,6.87,7.25,8.87,Pharmacist
357,418189,7.49,6.55,4.65,6.19,4.0,5.77,3.5,6.09,3.01,9.34,Fashion Stylist
358,2396409,8.32,6.39,5.54,4.76,3.8,9.45,3.69,7.1,4.13,3.98,Game Developer
359,11362681,6.25,4.42,6.14,5.64,3.49,5.54,9.23,6.39,3.01,6.25,Construction Engineer
360,8378123,6.03,7.1,5.18,4.86,2.89,7.07,2.69,6.96,4.09,7.82,Marriage Counselor
361,13709519,7.81,6.94,6.83,8.2,4.15,4.43,2.71,7.63,7.98,6.61,Product Manager
362,6369565,6.89,5.21,9.34,5.28,5.38,8.14,2.71,4.09,6.09,5.61,Speech Therapist
363,3595347,6.29,7.32,8.01,7.69,2.89,5.35,2.34,4.72,3.32,7.9,Fashion Stylist
364,9295584,4.6,8.07,5.7,4.07,5.02,8.07,9.23,6.83,7.26,7.91,Market Researcher
365,2672092,3.5,8.53,5.44,4.15,3.82,9.13,3.43,4.48,6.86,5.9,Social Media Manager
366,531163,6.29,7.4,2.89,6.99,4.72,9.45,8.05,4.54,7.0,5.32,Technical Writer
367,13446306,6.0,6.65,5.61,8.12,5.17,4.73,6.48,3.7,3.2,4.85,Event Planner
368,5073820,6.57,7.71,8.21,5.8,6.01,9.45,2.34,7.72,3.2,7.53,Investment Banker
369,247578,7.44,7.45,5.21,8.32,3.96,9.37,3.6,7.53,3.42,7.73,IT Support Specialist
370,14376423,5.95,7.05,8.62,6.04,5.61,5.5,2.34,7.99,4.27,5.32,Forestry Technician
371,2319264,2.67,7.39,5.96,9.34,3.35,4.86,4.46,4.21,3.62,8.41,Environmental Scientist
372,9339168,7.7,7.03,4.4,6.99,4.5,9.45,3.08,9.34,3.01,6.75,Accountant
373,15544625,7.74,6.42,5.78,9.26,4.0,9.15,7.53,7.37,3.1,6.23,Graphic Designer
374,2722678,6.73,7.27,6.35,8.66,4.87,9.45,9.23,4.27,4.7,6.61,Biomedical Engineer
375,16671563,6.92,6.9,4.37,3.89,4.56,9.45,7.33,3.56,6.16,6.66,Speech Therapist
376,10466305,6.6,7.23,4.9,7.33,4.86,9.45,6.08,5.66,3.01,6.04,Journalist
377,13515720,5.91,7.04,5.24,4.48,4.4,5.29,7.64,6.11,7.51,8.02,Biomedical Engineer
378,15997574,5.47,4.74,5.22,5.92,5.62,9.45,3.51,9.34,3.01,8.26,Radiologic Technologist
379,15626893,6.7,8.44,4.19,8.24,4.48,8.86,3.35,6.86,3.01,8.25,Event Photographer
380,43208,6.57,7.47,5.01,6.8,6.32,8.95,2.69,6.99,3.01,5.94,Public Relations Specialist
381,15759314,5.54,8.78,4.7,8.95,5.73,5.25,5.21,3.64,7.32,4.94,Robotics Engineer
382,6794272,7.12,6.71,5.28,6.33,5.21,5.2,3.13,7.33,7.46,7.23,Software Developer
383,1530739,2.67,7.56,5.1,4.99,5.65,5.5,2.34,7.12,6.06,6.39,Artist
384,7445583,6.17,7.84,5.31,6.1,5.8,5.84,3.26,8.44,6.61,5.63,Construction Engineer
385,5203832,7.9,7.52,6.23,6.83,4.23,8.96,2.34,9.34,6.83,6.73,Financial Auditor
386,16105158,6.13,8.41,5.01,4.99,4.99,8.15,5.25,7.72,6.97,7.42,Salesperson
387,15872454,7.99,9.22,6.98,3.23,3.23,5.25,7.61,3.91,8.53,6.49,HR Recruiter
388,10796374,5.28,4.48,6.44,6.65,2.89,6.76,9.23,3.01,5.14,4.8,Forensic Scientist
389,7517976,6.3,3.56,6.67,5.86,5.11,7.08,3.06,9.34,4.08,6.62,Mechanical Designer
390,10839813,5.43,4.33,4.54,6.76,4.88,6.03,4.18,7.48,6.5,6.15,Pediatric Nurse
391,4284024,8.2,7.26,5.57,6.07,4.92,9.45,2.38,7.42,7.9,6.96,Forensic Psychologist
392,1808002,8.98,6.93,4.76,6.24,4.96,9.45,2.99,3.29,6.82,7.47,Wildlife Conservationist
393,9247279,6.73,7.31,9.34,6.86,5.71,9.08,3.49,7.37,3.93,4.51,Marketing Analyst
394,3527302,8.2,8.15,5.53,6.93,5.91,9.2,2.74,3.99,5.07,8.26,IT Support Specialist
395,10229205,6.41,6.44,6.29,5.96,4.64,3.84,2.34,8.94,4.31,6.87,Elementary School Teacher
396,7287273,6.01,7.32,7.71,5.52,3.75,9.45,3.31,7.52,3.66,6.23,Tax Accountant
397,10160954,7.06,8.36,5.23,5.15,6.06,7.62,3.81,4.22,3.91,6.34,IT Support Specialist
398,15766599,7.44,8.19,8.3,6.47,5.42,9.33,2.81,7.11,4.09,4.09,Video Game Tester
399,10987962,8.49,6.79,6.22,5.26,3.66,5.46,3.31,9.34,8.51,7.44,IT Project Manager
400,2905882,8.37,7.25,6.49,8.68,3.09,8.63,2.62,3.63,4.04,6.93,Air Traffic Controller
401,12051970,9.38,8.23,8.51,4.21,5.65,5.8,2.48,7.52,7.86,5.47,Industrial Engineer
402,1494281,7.99,7.37,6.53,6.41,5.63,8.73,5.38,7.81,8.08,4.99,Interior Designer
403,3287269,8.28,8.62,6.04,4.77,4.09,5.67,7.79,7.52,6.89,6.91,Biomedical Researcher
404,15294391,7.85,7.43,9.34,7.48,4.82,9.45,3.93,3.1,3.38,7.61,Technical Writer
405,7330517,7.18,8.02,4.52,5.02,5.77,5.77,3.79,4.24,5.59,5.54,Data Analyst
406,3083956,2.67,8.05,7.09,6.23,4.34,3.88,6.09,3.81,8.06,7.21,Event Planner
407,2429289,6.88,7.07,5.67,7.61,5.34,9.43,3.37,4.82,4.51,5.26,Forensic Psychologist
408,15228716,8.44,8.53,5.79,3.23,2.89,9.45,2.89,7.1,9.14,6.72,Construction Engineer
409,7012973,6.75,9.45,9.34,8.33,4.82,9.16,4.58,3.75,7.33,8.04,Biomedical Researcher
410,9224187,6.59,7.11,7.47,7.35,4.62,5.42,2.34,3.92,6.72,5.72,Marketing Manager
411,2181520,8.89,3.66,4.49,4.21,4.2,9.1,3.86,6.94,3.17,8.2,Administrative Officer
412,6329472,5.22,7.9,4.15,4.46,3.95,3.11,4.23,7.23,3.28,5.68,Pediatrician
413,12680072,7.01,8.09,5.52,5.12,4.55,6.86,4.26,7.5,7.66,3.56,Chiropractor
414,3528108,8.54,7.16,3.35,5.12,2.89,9.45,3.99,6.87,6.07,4.51,Administrative Officer
415,6377338,6.77,6.1,6.54,4.55,5.74,5.45,3.94,7.07,7.29,6.45,Musician
416,8818357,5.81,7.18,4.0,7.17,5.88,5.22,3.4,7.28,3.01,7.29,Foreign Service Officer
417,6370072,6.55,7.94,5.29,7.53,5.92,8.79,3.54,7.13,6.44,5.99,Financial Analyst
418,11659454,2.67,8.24,5.38,9.34,4.72,7.78,3.68,3.96,6.07,8.4,Research Scientist
419,10753820,5.5,7.5,4.59,7.18,4.4,9.45,3.18,6.87,3.01,6.63,Biologist
420,4571946,7.85,6.56,6.0,7.45,4.15,5.48,3.01,6.79,6.71,9.25,Real Estate Agent
421,2613682,5.88,8.52,5.67,4.1,4.06,5.3,2.34,9.34,6.59,5.51,Environmental Scientist
422,3705812,7.03,8.02,6.09,6.49,5.53,3.34,8.19,3.01,3.01,8.98,Diplomat
423,6099222,4.55,7.37,5.92,4.94,2.89,9.45,5.41,9.34,8.28,9.34,Elementary School Teacher
424,13654597,6.38,8.08,4.19,6.54,4.61,5.45,3.63,4.84,6.83,6.6,Biologist
425,16556358,5.6,4.35,5.82,6.84,4.45,5.48,3.04,4.41,7.35,7.05,Pediatrician
426,13630340,7.14,8.84,3.19,8.56,4.74,9.45,4.89,4.15,7.09,7.86,Event Planner
427,3163632,6.39,7.39,4.53,7.8,4.23,9.45,3.07,6.73,5.11,5.92,Fashion Stylist
428,1467032,8.54,7.86,7.52,9.21,3.7,9.45,2.56,9.34,6.69,3.99,Teacher
429,9023635,8.2,8.21,8.76,4.98,5.17,5.42,3.99,7.48,5.52,6.2,Diplomat
430,9502781,7.11,7.15,5.57,8.57,6.01,9.04,6.0,4.58,3.4,6.84,Software Quality Assurance Tester
431,5650086,6.2,6.45,5.39,5.62,2.89,8.38,9.23,6.97,6.5,7.78,Airline Pilot
432,12633950,7.68,7.12,3.92,6.99,3.76,9.45,2.74,7.12,7.01,8.98,Environmental Engineer
433,35580,8.87,7.98,5.63,3.95,5.47,6.02,8.19,7.76,3.92,4.17,Nurse
434,16567942,5.89,9.25,4.58,6.85,6.36,5.43,9.23,9.34,6.42,8.74,Dental Hygienist
435,9836091,6.03,7.27,8.16,4.04,5.59,9.19,3.47,7.61,3.73,7.52,Teacher
436,14396939,6.48,7.98,4.32,7.07,6.15,4.92,9.23,4.47,6.46,6.41,Web Developer
437,14622701,6.61,7.99,4.62,6.49,3.63,7.88,3.37,7.54,6.61,6.68,Financial Analyst
438,11310545,5.42,6.54,9.17,7.56,5.2,9.45,6.18,7.63,3.01,5.01,Teacher
439,2625149,9.03,7.78,5.98,8.2,5.09,3.62,3.24,9.1,6.66,7.95,Insurance Underwriter
440,12826669,5.67,7.96,5.02,5.81,6.13,4.09,2.36,4.55,3.97,4.11,Game Developer
441,6603718,6.69,6.46,8.53,4.35,6.63,3.46,4.32,5.27,3.01,4.57,Tax Collector
442,5601512,7.36,4.13,4.19,4.84,4.6,8.92,2.37,4.59,8.39,9.27,Occupational Therapist
443,1181330,5.77,3.56,7.36,4.3,2.89,9.45,3.39,3.92,3.01,4.88,Marine Biologist
444,2108179,6.51,7.67,5.49,6.44,2.89,6.32,3.62,7.75,5.62,7.69,Interior Designer
445,6655740,8.13,7.04,6.94,6.6,4.25,8.19,3.17,7.24,6.56,9.34,Event Planner
446,11145869,4.5,7.43,4.49,8.49,3.72,9.45,3.63,6.29,3.01,8.86,Accountant
447,4752116,7.19,6.58,6.63,5.76,6.03,9.09,5.48,4.7,4.01,3.83,Database Analyst
448,5983355,8.57,6.89,5.53,3.93,4.33,5.56,4.88,6.63,4.05,8.23,Lawyer
449,1988198,8.66,9.2,5.21,7.35,5.46,6.01,2.96,6.59,3.01,6.77,Financial Planner
450,8475053,6.51,7.57,3.8,9.34,3.91,6.26,2.98,6.56,3.75,8.59,Speech Pathologist
451,2986943,5.76,7.79,6.49,7.1,5.61,4.61,6.91,7.41,4.17,8.21,Rehabilitation Counselor
452,4814918,5.72,8.44,6.45,6.63,5.45,4.66,2.34,3.54,4.26,5.56,Construction Engineer
453,6629285,6.42,8.29,2.89,3.37,3.98,6.11,3.24,4.5,3.01,7.44,Mechanical Engineer
454,14088017,5.99,8.39,5.46,9.34,3.95,4.6,3.01,7.3,7.79,5.81,Electronics Design Engineer
455,11049876,6.65,7.44,4.12,8.91,3.74,9.21,6.99,8.8,6.51,8.68,Occupational Therapist
456,10028040,6.54,7.68,3.95,7.81,4.68,5.28,8.13,7.52,8.39,8.64,Aerospace Engineer
457,16056751,5.12,3.56,8.07,8.34,5.4,5.87,9.23,3.92,3.87,8.72,Administrative Officer
458,8187207,9.45,7.5,4.32,9.23,3.66,6.98,6.86,4.79,5.44,7.99,Interior Designer
459,5273205,7.89,7.79,5.22,5.81,3.99,3.83,3.06,6.53,5.13,3.45,Graphic Designer
460,14480985,5.84,7.5,6.12,4.75,4.93,9.41,7.52,4.51,3.01,7.22,Event Photographer
461,2858246,8.56,8.81,5.03,7.09,5.09,6.33,2.59,7.76,5.43,4.74,Speech Pathologist
462,11394035,8.64,8.62,5.02,8.0,2.89,9.45,2.52,7.58,4.99,9.34,Industrial Engineer
463,3143051,5.81,8.28,3.24,5.87,4.47,5.12,3.02,9.34,8.41,5.28,Research Scientist
464,6415208,7.48,8.11,4.51,6.0,5.83,8.51,5.19,9.34,6.81,8.67,Geologist
465,10475658,9.45,5.11,3.81,9.34,5.0,8.41,6.96,7.42,3.62,8.13,Airline Pilot
466,14404860,5.98,8.06,5.17,6.48,5.38,9.45,2.46,6.51,4.03,5.24,Lawyer
467,10614412,5.54,6.94,6.27,4.39,6.33,9.45,4.58,3.83,5.65,6.49,Environmental Engineer
468,7865181,7.39,7.09,4.79,4.23,4.96,8.75,9.23,4.34,4.49,8.26,Salesperson
469,14334852,7.38,8.65,6.39,7.1,5.49,4.79,9.23,4.35,3.01,6.63,Environmental Scientist
470,12657869,5.99,8.13,5.02,4.82,3.77,6.73,2.92,3.95,9.34,6.05,Graphic Designer
471,15931547,8.01,7.14,4.23,7.25,5.47,6.06,2.78,5.96,7.13,8.85,Forensic Psychologist
472,16579146,6.53,7.36,8.96,4.45,5.29,9.45,3.51,7.07,3.92,6.47,Occupational Therapist
473,65593,6.42,3.75,5.62,9.28,4.02,5.31,5.62,4.53,5.56,8.4,Software Developer
474,14632817,7.4,6.66,9.34,7.84,4.62,7.88,3.14,8.33,3.86,5.74,Human Rights Lawyer
475,14347694,7.57,7.58,9.23,5.82,3.91,8.54,3.41,4.28,3.01,3.63,Marketing Analyst
476,16362874,2.67,7.79,4.55,5.09,5.5,9.45,7.35,6.65,6.95,6.94,HR Recruiter
477,2488017,6.69,7.34,4.69,5.71,3.89,5.45,3.9,9.34,6.67,7.21,Database Analyst
478,6550741,8.18,7.96,4.95,8.24,4.55,6.12,2.87,6.88,3.91,3.68,Biologist
479,8893785,8.65,6.88,5.09,6.59,4.15,4.56,2.34,4.87,3.01,9.02,IT Support Specialist
480,9967979,5.64,8.6,4.62,5.47,2.89,5.55,8.28,3.6,3.01,6.79,Financial Planner
481,11261497,6.07,7.38,4.74,5.35,5.29,5.24,9.23,7.67,5.77,3.48,Salesperson
482,1368412,6.8,5.65,5.07,3.34,5.68,4.13,3.27,6.59,7.51,5.53,Psychologist
483,15998364,8.65,3.86,6.36,6.43,5.68,9.07,7.21,3.43,5.94,4.64,Data Analyst
484,7159402,7.66,6.72,6.12,4.83,5.96,7.87,8.33,4.19,4.27,5.17,Public Relations Specialist
485,6827512,3.91,7.97,5.43,6.69,5.5,9.45,3.7,5.51,3.01,3.85,Construction Engineer
486,7428409,9.27,7.55,4.43,7.01,5.23,5.67,3.68,4.95,7.02,4.96,Civil Engineer
487,11432005,7.29,8.54,8.74,5.13,4.3,8.11,4.5,5.73,4.68,4.88,Marketing Analyst
488,16582595,9.45,6.96,5.4,4.85,2.89,5.33,5.33,6.32,3.93,6.54,Lawyer
489,15230461,2.67,8.44,6.34,7.38,3.06,5.24,6.19,7.64,5.33,9.07,Web Developer
490,10481863,6.11,7.99,5.61,7.45,5.81,5.61,3.66,3.98,3.01,8.22,Chef
491,475974,7.16,3.56,8.55,9.34,6.22,7.85,8.13,4.06,3.01,6.04,Chef
492,10220529,5.74,9.45,4.88,7.73,3.77,7.63,2.34,3.01,3.01,4.14,Airline Pilot
493,5156078,5.4,6.87,9.05,6.26,3.96,8.92,4.44,3.01,6.38,8.45,Biomedical Engineer
494,3776860,5.1,5.86,5.78,4.92,5.63,9.01,3.56,3.01,4.3,5.54,Mechanical Designer
495,2423420,5.16,7.42,3.31,6.4,4.17,6.74,5.74,6.83,8.2,9.34,Software Developer
496,8588941,7.06,8.54,5.13,4.51,5.81,8.42,3.13,6.63,3.52,8.61,Mechanical Designer
497,14053420,5.65,7.15,7.39,3.23,3.9,6.27,4.01,8.61,3.01,6.37,Software Quality Assurance Tester
498,13511616,7.68,7.78,5.02,7.08,3.79,9.45,8.76,4.59,6.73,5.43,Environmental Engineer
499,8642613,5.82,7.46,7.87,9.34,3.76,8.71,3.68,4.32,3.79,5.29,Game Developer
500,10655889,7.45,7.75,5.75,7.6,6.06,8.51,2.54,4.13,6.24,7.36,Artist
501,4662073,6.98,6.7,5.24,5.04,6.22,9.45,3.71,5.18,5.11,5.02,Psychologist
502,16296574,6.58,7.61,5.0,6.22,4.18,8.75,9.23,4.59,5.95,7.54,Diplomat
503,12915121,5.55,7.4,4.4,5.63,5.95,4.72,6.89,7.42,3.01,7.42,Market Researcher
504,2530829,9.45,7.86,5.93,5.32,3.71,5.64,2.34,9.14,5.26,8.1,Human Rights Lawyer
505,8735971,5.4,7.03,5.3,4.91,4.27,5.14,8.26,7.54,7.97,8.53,Marketing Coordinator
506,9340835,9.42,3.56,4.8,5.34,4.87,6.13,3.01,3.72,4.46,8.74,Video Game Tester
507,13964995,5.53,7.57,4.68,9.34,4.45,4.74,7.34,6.56,3.45,7.63,Nurse
508,9679967,6.85,7.17,5.98,5.0,5.47,9.45,2.61,9.05,7.39,6.56,Musician
509,7646357,6.03,7.48,5.45,5.65,5.43,9.45,3.23,7.54,6.44,8.03,Sports Coach
510,9036483,5.59,7.59,5.57,3.23,4.18,9.26,6.33,6.44,8.62,7.42,Pediatrician
511,4603024,6.79,8.58,3.46,6.94,6.06,4.12,5.53,7.29,3.01,7.36,Geologist
512,5263637,2.67,7.41,8.41,6.75,5.41,7.61,4.29,4.88,5.88,8.26,Foreign Service Officer
513,15925505,6.39,3.56,6.21,6.99,6.21,9.45,7.75,6.31,3.01,3.74,Customs and Border Protection Officer
514,4062550,6.94,7.64,4.22,5.04,6.04,5.26,3.54,4.36,4.16,8.49,Biotechnologist
515,10001212,6.58,7.27,6.47,8.14,5.3,7.3,2.67,4.34,4.24,4.96,Database Administrator
516,276860,6.67,7.14,5.46,4.4,6.08,3.31,2.68,7.41,3.7,8.46,Human Rights Lawyer
517,2954390,6.82,7.33,7.62,5.76,3.84,9.45,3.51,4.92,7.57,7.3,Database Analyst
518,16506107,7.8,8.08,9.34,5.38,6.01,4.27,3.4,4.34,6.38,7.01,Dental Hygienist
519,6323671,9.24,3.93,4.83,7.68,5.98,5.76,2.74,9.34,9.01,4.74,Investment Banker
520,15458174,4.9,3.56,5.17,8.05,4.92,8.67,6.07,6.58,6.08,9.34,Database Administrator
521,9162867,7.84,6.97,9.34,3.23,5.5,7.67,3.12,7.15,3.87,7.48,Public Health Analyst
522,3607790,7.88,9.01,5.35,7.34,6.04,9.45,2.5,7.9,5.98,9.06,Electronics Design Engineer
523,13082469,4.55,7.59,6.22,4.86,3.71,5.38,6.98,9.34,3.01,5.64,Pharmacist
524,12381311,7.74,6.82,4.76,5.73,2.89,4.84,3.93,9.34,8.57,9.34,Musician
525,3341356,5.2,6.92,5.12,6.88,5.82,9.45,4.03,9.34,7.69,8.54,Rehabilitation Counselor
526,16516654,7.31,8.68,5.44,6.77,5.21,5.19,3.33,4.45,3.16,5.02,Data Analyst
527,14531163,7.86,7.23,8.31,3.23,3.83,7.3,2.34,4.75,6.83,7.88,Physical Therapist
528,7995545,5.14,7.56,3.25,5.58,5.5,9.45,7.98,4.54,8.04,8.35,Pediatrician
529,7887915,8.28,6.74,6.07,4.09,4.7,8.53,3.6,3.87,3.04,4.7,Air Traffic Controller
530,9255132,5.29,7.76,7.62,5.46,4.91,8.41,3.44,5.13,3.43,7.58,Forestry Technician
531,12128331,4.55,9.0,5.81,5.62,3.85,4.89,2.99,7.03,3.42,5.97,Environmental Scientist
532,3540116,5.52,9.1,5.37,5.06,2.89,4.8,5.15,6.79,3.01,7.56,Financial Analyst
533,8046406,3.73,6.35,5.31,7.8,3.46,6.55,7.85,7.01,6.07,6.21,Fashion Designer
534,14618880,5.87,7.63,5.06,8.82,4.19,5.14,9.23,4.26,8.42,8.55,Forensic Scientist
535,8692911,9.4,7.54,5.66,4.42,4.79,8.36,7.75,6.78,3.01,5.28,Urban Planner
536,2293533,6.76,8.35,3.34,7.66,6.19,4.19,3.53,9.34,4.85,8.65,Human Resources Manager
537,16777104,5.7,5.75,4.4,5.14,3.75,9.45,5.14,4.67,3.45,5.12,Event Planner
538,9218629,5.14,3.56,3.38,6.0,8.12,8.59,2.82,5.94,6.22,5.47,Robotics Engineer
539,15467605,5.76,7.97,4.71,6.49,6.2,4.31,3.86,4.35,5.5,9.01,Investment Banker
540,10413217,5.28,7.69,6.42,5.51,3.6,5.98,2.47,7.15,3.05,4.5,Chef
541,1953723,2.67,9.19,3.09,9.04,3.68,6.01,9.23,9.34,5.79,6.67,Accountant
542,13860155,5.31,7.26,4.32,4.01,5.5,7.12,3.02,8.02,3.24,6.83,Game Developer
543,12930748,5.71,6.77,4.2,4.73,4.66,6.64,5.19,4.15,6.26,9.34,Forensic Scientist
544,14822734,8.16,8.89,5.44,4.88,3.76,4.84,5.74,4.41,3.13,5.85,Financial Auditor
545,11941705,5.87,6.66,5.4,6.43,5.64,9.45,2.94,4.59,8.24,8.71,Industrial Engineer
546,16742769,4.93,7.39,5.2,6.62,4.95,7.78,4.46,3.79,3.23,8.83,Robotics Engineer
547,7997283,3.87,7.66,3.99,8.3,6.65,9.45,5.24,6.72,5.21,6.5,Robotics Engineer
548,9068452,8.27,8.64,4.48,6.33,6.31,9.45,2.34,4.03,3.01,5.81,Air Traffic Controller
549,5183047,7.04,7.77,4.77,9.24,6.74,5.78,4.87,7.85,6.03,4.33,Marketing Coordinator
550,1167245,2.93,6.93,5.74,5.97,5.04,5.44,3.24,6.69,4.56,5.46,Game Developer
551,14532573,7.85,6.4,5.16,4.58,5.6,7.06,9.23,9.34,3.01,7.43,Artist
552,13534545,6.33,9.03,6.1,8.31,2.89,9.45,3.05,5.8,6.56,7.95,Speech Therapist
553,14714197,6.99,8.81,5.08,5.21,4.77,9.45,8.49,4.44,7.25,6.04,Market Researcher
554,10010600,5.85,7.61,5.71,4.8,2.89,5.87,9.23,4.39,7.45,7.04,Dental Hygienist
555,196554,5.75,7.03,5.24,5.99,5.88,9.24,9.23,4.45,7.56,9.22,Aerospace Engineer
556,10609990,7.56,8.11,3.95,6.43,4.55,9.22,9.23,4.26,4.09,9.34,Zoologist
557,401424,7.5,6.69,8.04,4.93,5.36,9.45,4.41,4.37,7.51,3.53,Wildlife Biologist
558,11749621,8.76,8.25,7.24,9.34,4.45,4.47,7.25,7.18,6.83,6.19,IT Support Specialist
559,12209614,7.85,6.67,4.36,6.55,5.69,9.39,6.01,7.51,3.1,3.92,Human Rights Lawyer
560,3565624,7.69,3.56,6.61,9.34,5.37,9.34,2.68,5.38,3.21,7.51,Wildlife Biologist
561,5646433,6.52,7.1,5.07,6.57,4.15,9.02,5.99,6.97,3.6,8.99,Investment Banker
562,2111242,8.68,7.15,6.27,6.74,4.18,6.02,2.38,3.43,3.01,8.59,Forensic Scientist
563,9978908,6.08,3.59,5.36,5.67,5.14,9.45,6.08,7.68,3.01,8.68,Physical Therapist
564,5322200,6.1,8.52,4.36,9.34,5.65,9.45,7.71,4.78,4.22,5.87,IT Support Specialist
565,14946000,5.08,7.9,7.83,5.22,4.25,6.45,4.43,6.16,3.01,9.34,Market Research Analyst
566,1686438,8.87,7.76,5.6,4.65,4.39,8.95,6.2,7.12,3.11,4.91,Tax Collector
567,16186020,7.89,6.69,5.45,6.14,5.44,9.45,4.05,4.0,3.01,6.65,Pediatrician
568,3063088,9.28,7.73,6.04,7.85,4.04,8.3,2.89,6.61,6.2,7.57,Public Health Analyst
569,8967887,7.33,7.16,6.51,5.34,6.3,4.96,8.29,6.68,3.74,7.15,Teacher
570,8211730,8.85,8.19,4.39,6.19,4.11,8.41,2.34,5.01,6.31,6.97,Administrative Officer
571,7319394,8.07,7.83,5.27,7.24,6.5,5.63,2.58,6.79,7.63,4.47,Tax Accountant
572,448568,6.65,8.85,6.09,5.54,3.9,8.35,2.71,4.19,6.22,8.16,Air Traffic Controller
573,6019971,8.78,8.09,8.31,7.55,3.27,8.81,9.18,7.7,6.87,3.76,Airline Pilot
574,3615835,9.45,8.19,6.17,8.88,5.64,7.3,2.69,4.39,3.56,6.12,Psychologist
575,12696438,5.56,3.56,8.51,4.38,3.89,9.45,6.57,9.34,8.32,4.89,Administrative Officer
576,15800808,6.57,7.47,6.68,5.39,4.21,4.71,3.54,4.54,8.69,7.24,Tax Collector
577,7137446,3.19,7.02,5.19,6.42,5.28,5.88,3.08,6.66,3.87,7.67,Pediatrician
578,6578824,6.94,6.74,5.51,7.61,5.61,5.8,3.29,4.28,7.24,6.52,Environmental Engineer
579,3501040,7.66,7.9,5.16,6.79,4.41,9.2,3.42,7.15,3.79,6.72,Advertising Executive
580,10869723,7.16,4.77,5.81,7.29,4.84,6.04,3.78,4.44,6.02,4.7,Physician
581,4472845,6.89,7.59,6.67,5.03,3.7,4.46,5.62,8.83,5.98,7.47,Musician
582,7019793,2.67,7.79,4.64,5.98,2.89,8.77,2.34,4.88,3.55,5.82,Public Health Analyst
583,5064531,5.22,9.18,5.03,7.2,2.89,9.45,2.92,9.34,3.01,8.59,Air Traffic Controller
584,13422150,8.06,5.67,4.77,5.43,3.84,9.45,2.69,3.09,3.08,8.02,Pediatric Nurse
585,3507496,3.88,6.99,6.1,4.93,4.6,6.44,9.23,5.4,7.16,8.16,Research Scientist
586,13488438,7.94,8.01,5.83,8.37,3.98,4.54,3.76,7.75,6.23,7.22,Customs and Border Protection Officer
587,9708767,2.67,3.56,8.76,8.86,4.54,9.45,7.89,6.05,3.01,5.22,Artist
588,4506834,6.9,6.92,5.34,8.12,2.89,6.47,4.01,6.55,6.74,5.71,Police Detective
589,5517622,5.32,7.15,5.52,8.56,4.71,6.11,4.91,8.29,4.54,6.24,Speech Pathologist
590,1306179,7.36,7.02,3.51,7.47,2.89,8.85,3.0,4.62,3.01,5.26,Administrative Officer
591,938723,6.39,3.56,9.34,7.61,6.52,8.31,2.71,4.17,7.8,5.02,Technical Writer
592,16255236,8.3,6.68,7.19,6.96,2.89,5.6,4.71,6.46,9.34,6.78,Wildlife Conservationist
593,1928862,6.42,6.28,5.08,9.01,6.85,9.45,3.73,7.71,9.29,4.59,Pharmacist
594,3513709,7.15,6.63,5.19,5.41,4.03,4.96,8.51,6.14,4.28,8.95,Nurse
595,9814517,7.44,6.43,6.74,5.48,4.31,5.01,3.22,7.03,7.36,3.84,Environmental Scientist
596,1586426,6.36,8.73,3.36,8.34,4.84,9.45,3.35,8.61,7.32,7.48,Police Officer
597,9201674,8.6,6.76,8.08,7.67,5.03,6.1,7.24,6.93,7.57,7.05,Construction Engineer
598,1391285,6.04,7.76,8.16,5.7,5.46,7.55,5.42,4.36,3.01,8.44,Rehabilitation Counselor
599,8091496,6.75,8.68,8.95,4.35,5.41,4.76,8.66,3.47,5.4,3.69,Industrial Engineer
600,9429932,8.03,7.59,4.42,6.69,5.32,5.09,3.67,9.34,6.37,6.2,IT Support Specialist
601,2113555,6.58,8.16,5.68,4.91,5.86,4.68,5.41,4.57,7.62,7.45,Nurse
602,10097054,8.12,9.06,6.66,6.18,5.87,9.45,2.34,4.88,4.28,5.56,IT Support Specialist
603,7224938,7.42,6.74,7.83,8.38,5.01,6.53,2.99,7.45,3.01,7.88,Advertising Executive
604,4065240,3.24,6.23,6.48,3.23,4.23,5.2,8.04,9.34,4.04,7.99,Electronics Design Engineer
605,3088971,6.85,6.86,8.66,6.49,4.32,5.43,3.45,3.46,6.85,6.13,Zoologist
606,4334957,3.25,7.85,9.3,8.19,6.51,8.42,3.8,7.0,5.54,9.34,Social Worker
607,13656845,5.78,7.13,5.59,6.89,4.51,9.28,4.04,7.6,7.53,8.65,Mechanical Engineer
608,13957892,8.14,9.06,5.37,3.23,4.22,5.25,6.45,7.1,3.26,5.62,Geologist
609,13318067,5.98,7.99,5.53,5.28,4.09,9.45,6.9,9.34,4.76,5.57,Pediatric Nurse
610,7311472,6.69,7.81,4.77,6.54,3.81,5.1,9.23,7.69,4.01,9.34,Rehabilitation Counselor
611,16689885,6.33,7.38,6.23,8.55,6.17,9.45,2.82,9.34,3.01,6.9,Environmental Scientist
612,14997804,6.19,7.08,6.19,5.31,4.83,4.96,6.17,9.34,3.01,8.29,Social Worker
613,13266560,8.41,7.92,4.85,5.38,5.62,9.45,4.26,6.81,4.51,4.54,Genetic Counselor
614,10309345,5.14,8.21,7.42,5.78,4.11,4.12,8.21,7.09,4.32,4.07,Marketing Copywriter
615,7885988,5.82,7.31,5.52,8.42,5.32,4.12,7.46,6.37,3.01,6.36,Radiologic Technologist
616,109421,7.62,8.06,6.23,7.49,6.05,9.45,2.56,6.58,7.1,5.9,Physical Therapist
617,2988205,6.81,7.42,3.26,4.45,5.28,6.27,2.54,3.44,8.59,8.74,Tax Collector
618,6599020,5.42,6.53,5.65,5.49,5.75,6.19,9.23,7.25,9.28,3.84,Sports Coach
619,14211190,6.17,7.78,6.66,4.73,4.19,9.45,3.86,6.1,4.15,5.65,Biologist
620,985248,6.15,3.56,5.48,9.34,6.21,5.47,3.99,7.06,6.85,7.17,Pharmacist
621,4362250,5.32,6.55,5.71,6.36,6.16,8.7,2.78,7.34,7.71,4.63,Psychologist
622,5395920,6.15,6.45,6.28,8.61,2.89,9.45,2.54,6.62,3.01,8.91,Foreign Service Officer
623,10987073,8.68,6.96,5.52,6.33,4.87,7.5,3.06,9.34,7.58,9.2,Product Manager
624,13034936,2.8,7.44,6.16,6.07,5.5,9.45,2.34,3.8,7.98,8.68,Market Research Analyst
625,4813576,7.06,8.35,5.52,8.66,4.46,6.99,6.8,7.42,3.92,8.49,Biotechnologist
626,16198306,6.35,7.94,6.6,7.07,3.85,9.09,2.34,4.89,4.28,5.65,Construction Engineer
627,5592925,8.38,8.59,6.83,6.94,6.41,4.51,3.32,4.89,3.93,4.27,Civil Engineer
628,5698818,6.24,6.57,5.23,6.1,4.16,9.45,3.96,4.02,6.97,6.2,Marketing Copywriter
629,103543,8.38,6.61,5.16,7.85,6.01,9.45,5.24,4.34,3.87,4.78,Astronomer
630,5794709,8.67,7.18,5.98,5.35,4.89,9.45,2.98,6.94,3.73,5.37,Event Photographer
631,1268794,7.63,7.44,4.88,9.34,6.13,6.71,6.82,3.66,5.93,8.72,Human Resources Manager
632,11914659,5.84,7.5,4.5,5.59,5.27,5.47,2.63,7.48,3.74,7.85,Diplomat
633,16605939,5.24,7.88,5.37,6.83,5.53,6.47,8.42,4.23,3.77,6.99,Speech Pathologist
634,9432185,5.52,6.29,6.81,6.97,2.89,8.84,8.85,8.73,5.84,8.71,Pharmacist
635,8472956,6.88,6.83,5.88,7.06,5.5,4.26,2.34,3.2,3.88,6.29,Marketing Coordinator
636,11588306,2.67,7.43,6.49,7.88,4.74,8.92,4.66,3.19,5.26,6.33,Marketing Analyst
637,12894428,7.75,8.94,9.34,7.77,6.42,8.62,3.58,7.04,5.8,6.03,Market Research Analyst
638,4801322,7.45,8.45,4.71,7.22,4.61,3.69,3.88,4.59,4.93,7.12,Physical Therapist
639,14690246,6.71,7.92,5.04,7.3,5.68,8.37,8.16,9.34,6.13,9.19,Physician
640,7885617,5.51,7.28,5.6,4.85,5.93,7.88,8.01,9.34,5.45,6.46,Environmental Engineer
641,16205952,2.67,7.63,5.01,4.47,4.08,9.42,7.63,3.13,7.81,7.81,Lawyer
642,13928120,7.8,6.97,5.21,5.97,2.89,5.1,2.49,4.57,5.11,7.23,Forestry Technician
643,16187804,6.88,8.15,4.63,6.76,5.89,4.45,4.98,7.26,7.32,8.1,Civil Engineer
644,8091138,6.91,3.68,5.23,7.62,5.96,5.66,5.97,7.73,6.18,3.89,Graphic Designer
645,14899089,5.97,6.51,4.99,5.94,4.14,3.5,3.32,4.3,6.22,5.11,Nurse
646,2451767,7.72,7.23,3.5,6.67,4.8,4.68,8.89,7.75,5.36,9.34,Customs and Border Protection Officer
647,2547107,2.67,7.52,7.86,6.9,4.08,9.2,4.4,4.47,3.45,9.34,HR Recruiter
648,9430458,6.16,9.45,5.94,8.05,4.98,4.0,4.95,9.34,3.75,5.05,Marketing Copywriter
649,13189244,9.07,6.64,6.07,6.21,6.31,7.46,5.79,3.82,3.35,5.3,Elementary School Teacher
650,1074320,5.51,9.16,6.6,5.16,5.9,9.24,8.0,6.74,3.03,5.49,Marketing Manager
651,12139783,5.9,6.7,3.64,7.7,5.71,5.28,5.26,7.47,6.49,4.16,Speech Pathologist
652,2907084,7.53,8.48,3.1,4.63,3.7,5.71,9.23,7.15,5.09,7.39,Salesperson
653,5808747,7.41,8.5,5.09,5.86,5.04,8.29,3.36,5.29,4.38,4.82,Aerospace Engineer
654,6210505,5.41,6.72,6.36,4.34,4.68,7.45,6.66,7.61,8.34,6.59,Elementary School Teacher
655,14981154,7.08,3.79,4.89,6.47,3.94,5.59,2.89,7.06,3.01,8.5,Human Rights Lawyer
656,1253120,8.81,8.44,5.03,7.81,3.85,9.45,6.96,7.18,5.2,6.93,Quality Control Inspector
657,1580686,6.76,7.62,4.65,6.13,6.15,5.22,3.77,7.32,7.12,6.46,Financial Advisor
658,1570128,5.61,7.33,8.96,4.53,5.42,8.22,3.43,4.69,4.12,5.87,Pediatric Nurse
659,2775793,6.34,8.65,5.79,8.14,2.89,9.45,4.48,6.58,7.31,5.4,Product Manager
660,1261091,8.79,6.85,5.64,6.78,5.96,7.71,3.47,7.24,5.28,8.15,Marketing Manager
661,1098280,6.63,9.45,4.2,7.29,3.86,9.45,9.13,6.84,5.35,4.46,Civil Engineer
662,1540318,6.39,7.28,4.43,6.86,5.99,9.45,3.7,6.71,5.05,9.34,Marketing Coordinator
663,11809565,2.67,7.49,7.45,5.59,3.05,9.45,6.12,5.8,3.01,7.32,Physical Therapist
664,11699933,6.07,7.68,5.69,5.56,5.9,9.45,3.76,7.85,3.01,5.62,Wildlife Conservationist
665,16261927,5.82,8.36,5.8,3.23,3.62,5.28,6.58,7.72,5.65,4.12,Forensic Scientist
666,4032229,8.24,8.11,6.12,8.76,5.64,9.45,2.77,3.26,3.11,5.9,Mechanical Designer
667,2924095,8.02,7.44,6.05,5.82,5.71,4.33,6.61,7.23,7.93,3.67,Graphic Designer
668,9113141,5.72,3.56,7.52,5.12,5.03,8.81,9.23,6.86,8.72,5.73,Mechanical Engineer
669,11036988,4.76,9.29,4.98,5.21,4.35,9.4,3.14,6.18,4.84,6.34,IT Project Manager
670,16744638,2.67,7.35,5.77,8.71,5.47,4.62,9.23,9.34,3.01,4.47,Radiologic Technologist
671,8522465,7.96,7.13,9.34,6.46,5.71,4.71,9.18,4.04,5.01,8.47,Pediatric Nurse
672,2390271,9.4,7.05,4.52,6.47,6.51,4.43,7.35,6.53,4.96,5.37,Electronics Design Engineer
673,4651896,5.58,6.89,4.95,3.23,5.84,4.38,2.34,8.39,3.56,5.74,Tax Collector
674,12862070,6.02,6.9,4.54,7.44,5.22,5.24,3.41,7.23,6.89,8.19,Elementary School Teacher
675,16316098,8.74,7.65,5.87,6.54,6.22,6.85,2.42,6.64,4.79,7.17,Fashion Designer
676,4540244,5.3,7.05,6.04,5.14,4.04,7.77,2.47,3.8,4.26,7.65,Nurse
677,88589,7.38,7.98,3.76,7.36,4.99,7.93,4.22,4.28,6.15,6.16,Interior Designer
678,14463493,5.67,7.1,6.06,5.1,5.4,9.45,2.93,7.39,3.45,6.71,Human Rights Lawyer
679,74262,2.91,7.25,6.46,6.49,4.19,3.79,7.76,3.94,5.69,7.8,Rehabilitation Counselor
680,10951409,7.63,8.48,3.62,6.08,4.0,9.45,5.44,9.34,5.53,6.7,Salesperson
681,16273939,6.85,6.37,6.45,6.27,4.6,7.89,5.98,6.98,7.49,6.0,Industrial Engineer
682,4527614,5.88,7.55,5.65,6.98,5.77,9.14,2.34,6.85,5.84,4.65,Financial Advisor
683,9122437,6.85,6.85,6.7,7.7,6.52,9.45,3.07,6.99,6.01,4.01,Tax Collector
684,9559563,6.85,7.91,9.34,6.79,4.3,9.25,6.48,4.45,4.89,8.58,Chef
685,3941653,4.84,7.69,8.46,4.24,2.89,7.97,9.23,7.17,8.16,5.73,Mechanical Designer
686,9563859,5.49,7.76,8.46,5.93,5.73,8.92,2.34,4.11,5.65,6.22,Insurance Underwriter
687,5197863,6.27,7.75,5.02,9.34,3.23,8.82,4.17,8.71,3.01,6.35,Nurse
688,12862762,6.91,8.44,5.69,5.17,6.35,3.35,2.63,6.87,3.01,5.97,Customs and Border Protection Officer
689,12025411,5.84,8.01,5.82,5.81,5.45,9.08,3.08,4.43,6.7,5.78,Dental Hygienist
690,6219542,2.67,7.93,6.11,5.73,4.8,6.34,3.7,6.08,8.21,8.6,Market Researcher
691,14353086,8.0,3.56,6.41,6.1,5.79,8.2,5.83,9.34,6.91,5.34,Social Worker
692,4348666,5.93,6.66,8.2,5.78,3.95,5.42,3.56,6.18,3.01,7.39,Occupational Therapist
693,2668450,9.33,7.7,3.35,8.51,5.42,9.41,4.08,6.65,3.51,7.67,Architect
694,8501574,7.51,3.56,6.19,7.51,2.89,8.98,3.28,4.71,3.01,8.23,Foreign Service Officer
695,656010,6.99,8.23,2.89,6.54,6.35,9.01,6.22,3.01,6.28,9.3,Geologist
696,4508952,5.91,7.64,4.34,5.66,5.07,4.26,2.38,8.08,3.01,7.05,Police Officer
697,14421831,8.27,7.78,4.34,6.25,6.0,8.8,3.5,4.57,3.01,5.3,Investment Banker
698,15719588,5.7,7.79,6.14,6.01,5.44,4.33,2.99,4.47,4.83,5.0,Occupational Therapist
699,12230891,7.52,8.81,8.12,6.68,3.69,5.9,3.84,6.15,3.01,5.66,Environmental Scientist
700,4165759,5.99,7.36,8.3,5.88,7.81,9.45,2.77,7.62,3.01,5.73,Accountant
701,11010966,5.74,7.74,6.19,7.46,5.43,3.81,2.51,5.13,9.34,3.56,Marketing Copywriter
702,13104582,7.32,9.18,5.27,7.28,6.37,4.6,3.6,6.39,3.01,8.78,Robotics Engineer
703,6309179,7.83,7.68,8.34,6.39,4.98,3.34,4.69,4.62,6.9,4.48,Financial Auditor
704,3670050,8.75,6.91,5.07,6.84,2.89,9.45,8.62,9.34,7.02,7.45,Construction Engineer
705,846609,8.0,8.69,4.14,6.36,2.89,9.23,2.96,3.45,7.76,8.25,Administrative Officer
706,10262245,6.9,8.38,4.94,4.64,5.35,5.0,2.46,3.94,3.41,6.07,Wildlife Biologist
707,5121589,5.93,7.72,5.72,5.82,3.58,8.83,8.33,7.42,6.21,7.41,Technical Writer
708,4648761,8.76,8.08,5.06,5.94,5.46,3.63,4.34,7.41,3.01,3.6,Genetic Counselor
709,9253167,5.39,6.67,3.31,9.22,4.23,6.36,4.22,4.68,3.01,8.07,Pediatric Nurse
710,5625486,5.11,6.81,7.48,9.28,5.52,6.46,6.45,4.4,8.61,8.46,Public Relations Specialist
711,6934396,8.21,7.75,9.34,8.29,5.44,4.76,8.52,6.45,3.69,6.71,Police Detective
712,15538739,6.8,7.5,4.9,6.64,5.54,9.45,7.35,6.93,4.24,6.06,Real Estate Agent
713,1868386,7.58,6.49,7.09,4.49,6.06,9.45,2.97,7.6,6.94,3.55,Forensic Psychologist
714,4260107,7.11,7.65,6.36,5.93,4.22,5.67,9.2,7.86,3.01,7.85,Pharmacist
715,3003498,5.09,5.74,6.11,8.74,5.19,9.25,3.16,6.78,3.77,6.82,Civil Engineer
716,15459124,6.4,7.79,4.05,5.12,2.89,9.45,2.34,6.56,6.11,7.48,Biomedical Engineer
717,5987722,7.26,8.26,6.17,5.49,5.32,5.84,2.34,4.05,4.85,5.8,Chef
718,9991746,6.35,5.22,5.8,6.22,6.02,4.45,9.23,7.7,6.61,6.07,Radiologic Technologist
719,4628948,8.34,6.52,6.06,4.12,7.13,9.06,2.34,9.34,4.34,7.39,Advertising Executive
720,11428950,7.52,7.49,5.38,3.23,4.23,9.34,3.1,3.83,3.44,8.65,Rehabilitation Counselor
721,13906914,8.48,7.18,6.98,4.78,6.18,8.43,2.34,7.16,6.27,7.4,Wildlife Biologist
722,15174035,7.22,6.57,8.04,4.41,5.56,6.01,3.73,4.85,3.4,7.65,IT Project Manager
723,13601170,9.45,6.37,4.7,5.86,6.23,5.15,2.81,6.65,5.07,6.75,Biomedical Engineer
724,4671504,8.26,7.84,3.72,5.64,4.89,5.82,2.35,3.91,3.28,7.06,Tax Collector
725,16334450,6.48,9.08,4.08,9.34,4.03,4.51,9.23,4.22,3.37,8.43,Radiologic Technologist
726,12831674,5.34,3.56,6.07,8.78,5.9,9.45,2.69,9.3,3.38,9.34,Web Developer
727,16672623,7.14,7.28,5.25,6.25,4.05,9.45,3.47,6.37,3.21,9.34,Wildlife Conservationist
728,6234259,7.68,6.86,5.35,3.33,3.76,8.76,3.22,6.28,3.06,3.9,Tax Collector
729,7671675,6.71,7.59,6.02,5.77,4.36,8.59,3.33,9.05,3.01,8.02,Artist
730,9447636,7.15,7.43,4.88,3.95,4.94,5.4,3.88,4.01,9.21,5.45,Human Rights Lawyer
731,6548594,7.16,7.49,5.72,7.74,4.18,2.89,3.13,3.96,4.04,6.72,Elementary School Teacher
732,9205623,9.15,7.14,5.56,7.54,6.04,4.24,6.01,6.82,3.33,7.72,Mechanical Engineer
733,4875526,6.35,6.94,8.55,6.88,5.27,5.73,9.23,7.75,7.49,7.69,Psychologist
734,8804770,7.21,7.73,6.48,8.28,4.56,3.89,2.56,7.45,7.03,5.39,Database Administrator
735,13076541,5.49,6.69,5.73,6.42,5.5,5.99,4.09,6.64,6.31,8.61,Game Developer
736,14973540,6.54,8.01,7.73,5.93,4.09,9.4,3.94,7.15,3.89,3.71,Biotechnologist
737,14675332,7.48,3.56,5.38,5.09,5.86,8.41,2.79,9.34,3.3,9.18,Zoologist
738,695746,4.95,7.02,5.29,3.69,2.89,5.69,4.29,4.37,7.36,7.26,Speech Pathologist
739,6585271,5.76,9.1,3.62,6.51,2.89,7.41,3.67,4.32,3.32,7.33,Architect
740,16191469,7.89,7.81,6.4,4.81,4.34,4.89,6.49,6.96,3.01,4.58,Biomedical Engineer
741,4813017,6.16,7.46,5.38,6.51,4.47,7.83,2.87,4.3,3.33,7.08,Aerospace Engineer
742,6782616,5.82,7.0,5.67,6.73,5.79,9.45,6.64,3.91,3.4,3.72,Biologist
743,11512647,8.28,7.72,5.32,3.23,5.53,9.45,9.23,3.51,3.65,6.2,Mechanical Designer
744,13288067,5.39,7.19,7.76,6.95,4.08,9.45,9.23,4.99,3.01,8.27,Occupational Therapist
745,11512477,5.7,7.38,5.64,8.63,3.79,9.45,8.34,7.44,3.06,7.86,Police Officer
746,9600788,8.47,7.26,4.76,6.63,5.94,9.27,6.01,4.91,8.09,9.31,Fashion Designer
747,6996603,6.0,8.14,6.01,4.67,5.82,6.85,3.9,4.05,3.45,8.7,Robotics Engineer
748,13357099,6.72,8.05,3.41,6.03,2.89,5.89,7.43,3.97,4.37,7.08,Graphic Designer
749,7275337,6.97,7.96,5.3,4.51,4.17,4.61,3.72,9.34,3.79,5.86,Human Rights Lawyer
750,14795852,6.31,6.88,5.35,4.62,6.01,9.45,8.17,8.92,4.55,8.35,Marriage Counselor
751,1694155,6.36,8.56,5.6,3.23,4.94,7.69,3.79,5.88,7.85,8.59,Data Analyst
752,4209216,6.03,6.44,5.1,5.82,5.44,4.71,3.95,4.74,4.12,6.72,Lawyer
753,10498724,6.43,6.82,4.44,5.51,3.18,8.19,9.23,6.42,3.55,8.14,Financial Planner
754,3936691,4.36,7.88,9.34,5.12,5.62,8.84,8.24,4.56,4.42,4.47,Insurance Underwriter
755,90336,6.47,6.95,6.65,3.65,5.6,4.76,5.25,5.97,3.14,5.65,Biomedical Researcher
756,3721509,6.2,7.34,6.72,6.71,6.17,8.3,3.47,7.93,4.25,9.34,Real Estate Agent
757,3463264,5.06,6.37,4.27,5.6,5.83,3.92,2.65,5.19,3.32,8.6,Mechanical Engineer
758,15918072,7.62,6.69,5.32,7.96,4.34,9.45,4.5,6.81,3.05,4.0,Accountant
759,5061969,4.05,7.72,3.4,9.34,4.36,3.69,6.66,5.83,3.34,8.31,Aerospace Engineer
760,16100372,4.82,6.89,5.08,8.0,5.67,5.54,7.99,9.34,7.54,5.05,Speech Pathologist
761,1828454,4.97,6.61,9.34,5.48,4.65,4.43,8.53,4.2,3.16,4.16,Human Rights Lawyer
762,8842730,6.07,7.53,4.75,7.19,6.44,8.49,3.23,9.34,3.01,8.9,Customs and Border Protection Officer
763,741276,6.19,8.72,6.1,3.77,6.11,4.48,3.26,5.86,4.29,7.13,Physician
764,7525587,7.42,7.29,6.49,5.16,3.61,8.99,9.01,3.36,3.01,8.95,Foreign Service Officer
765,2691696,5.38,6.49,6.82,6.85,4.69,9.45,2.43,6.45,5.34,5.89,Software Quality Assurance Tester
766,1921146,6.77,7.79,4.43,4.87,6.12,5.74,3.59,7.56,6.17,6.64,IT Support Specialist
767,11651908,9.45,7.46,6.88,7.55,4.34,4.96,3.86,7.08,3.34,4.97,Forestry Technician
768,14091427,5.28,8.04,5.22,6.19,5.61,6.2,2.43,3.97,6.77,9.34,Social Media Manager
769,14694616,6.7,7.94,4.92,9.34,3.9,6.67,9.23,8.85,6.16,7.42,Fashion Stylist
770,13650943,5.14,3.56,5.87,5.07,6.3,3.96,8.2,4.16,4.75,5.81,Lawyer
771,8428962,9.08,9.22,4.85,8.5,5.75,3.24,4.21,4.46,4.07,8.69,Teacher
772,10712664,8.04,7.69,5.72,6.92,4.0,4.67,3.26,4.56,7.37,7.31,IT Support Specialist
773,6445472,5.76,7.88,4.99,6.23,6.02,9.45,3.29,5.07,4.09,3.45,Nurse
774,1921166,5.09,7.85,4.93,6.21,2.89,5.95,3.94,6.2,3.01,5.85,Social Worker
775,6909139,7.87,7.49,9.34,7.22,3.87,5.53,3.8,6.23,3.01,7.7,Urban Planner
776,6213507,6.41,7.29,9.34,7.6,2.89,4.74,3.9,3.56,3.01,8.74,Market Research Analyst
777,655828,6.99,7.28,4.67,4.45,2.89,5.56,5.38,4.73,4.31,4.52,Administrative Officer
778,11271276,6.15,8.57,5.55,5.39,6.02,8.85,3.45,7.73,6.81,6.51,Pediatric Nurse
779,10416459,6.18,7.82,6.04,5.67,5.24,5.0,7.14,6.96,4.31,6.69,Pediatrician
780,13608169,6.36,7.58,9.34,5.07,4.17,8.47,9.16,3.94,4.27,8.36,Civil Engineer
781,2042987,5.56,8.27,4.73,6.22,5.05,8.48,3.41,4.69,9.21,5.57,Forestry Technician
782,1456513,6.68,7.7,5.23,7.16,3.88,9.05,2.88,6.84,3.01,6.78,Artist
783,15171709,5.58,3.65,6.01,5.31,4.0,4.95,6.77,4.06,8.99,8.9,Occupational Therapist
784,4242112,6.13,7.38,5.22,3.92,4.71,9.45,7.38,4.76,5.92,5.94,Marketing Copywriter
785,12471558,6.24,7.67,8.67,8.06,5.76,3.93,3.32,7.08,7.74,7.32,Human Resources Manager
786,6994164,5.82,7.32,4.54,5.75,5.98,9.45,3.82,6.91,3.74,4.78,Zoologist
787,6449900,3.0,9.02,5.35,8.41,4.32,8.8,7.87,6.63,3.32,8.82,Police Detective
788,16255324,5.99,9.14,4.99,6.61,6.17,4.82,7.45,3.6,3.01,4.89,Human Resources Manager
789,3703591,5.57,7.71,9.34,7.72,5.74,6.04,2.34,6.01,3.92,6.09,Psychologist
790,11019960,6.29,6.78,3.39,5.81,5.38,9.45,3.31,3.15,3.46,6.52,Event Photographer
791,7608264,6.75,7.42,5.5,5.89,5.39,5.98,2.56,7.64,3.38,8.66,Dental Hygienist
792,13505554,5.36,6.14,5.86,6.41,4.27,7.15,4.52,4.33,9.09,4.51,Civil Engineer
793,8845563,8.38,7.09,9.34,6.89,5.69,9.45,4.34,4.05,4.7,5.39,Tax Accountant
794,7345454,5.78,7.41,7.13,5.3,3.92,9.32,2.63,6.82,5.85,8.51,Wildlife Conservationist
795,10389272,8.38,7.08,4.81,6.58,5.25,7.51,2.34,6.47,5.75,7.74,HR Recruiter
796,1420864,3.16,7.13,5.68,4.9,4.17,9.16,3.12,7.24,3.01,7.46,Pharmacist
797,8040657,6.13,7.98,6.31,3.36,4.4,4.76,2.91,6.07,3.01,9.22,Software Developer
798,1648963,6.88,9.45,5.51,5.31,5.06,6.02,3.38,7.39,3.93,5.66,Biomedical Researcher
799,1684622,6.35,8.12,5.99,8.3,5.52,8.54,3.8,6.85,6.53,6.56,Market Research Analyst
800,7510129,9.45,8.52,3.97,6.62,4.62,8.39,3.27,7.44,3.01,7.12,Forensic Scientist
801,15952420,9.21,7.79,8.97,7.42,5.27,9.45,8.41,7.03,9.34,5.97,Event Photographer
802,6958699,8.32,8.63,3.12,4.63,3.75,8.2,3.99,7.16,3.62,7.36,Advertising Executive
803,15298203,6.89,9.02,9.24,5.21,6.14,9.25,9.23,9.34,4.34,7.37,Diplomat
804,2611271,5.44,8.19,4.83,9.34,2.89,9.45,7.01,4.55,3.01,6.45,Chiropractor
805,10357702,8.44,5.46,9.34,3.23,4.54,4.9,5.72,5.83,3.76,7.06,Geologist
806,9849968,5.62,8.19,6.43,5.31,6.44,9.45,2.77,6.82,3.11,6.82,Event Planner
807,15218808,7.2,3.56,5.95,8.15,4.15,5.0,2.66,3.69,6.74,7.18,Software Quality Assurance Tester
808,16685408,7.54,7.96,6.52,5.19,5.7,7.89,7.2,5.82,6.21,6.3,Event Planner
809,3516788,8.85,7.2,4.95,5.25,4.18,9.13,7.53,4.39,4.48,8.36,Financial Advisor
810,258124,4.9,4.37,5.93,5.05,5.38,9.45,3.88,9.34,3.13,8.94,Administrative Officer
811,14697265,6.1,9.45,4.66,6.25,2.89,5.76,8.29,7.01,6.67,7.43,IT Project Manager
812,13544426,8.77,6.96,9.17,8.19,3.71,7.54,6.47,4.31,3.01,4.37,Financial Analyst
813,14893640,7.47,7.71,5.87,5.68,2.89,6.12,5.53,6.7,5.68,6.94,Marine Biologist
814,10853040,2.81,7.05,5.66,5.3,2.89,6.55,2.55,7.76,3.01,4.02,Sports Coach
815,7028293,7.17,7.36,9.21,5.65,5.67,9.45,2.43,3.82,4.7,6.87,Pediatrician
816,564650,3.79,6.38,4.69,7.97,5.39,5.79,4.89,6.61,4.16,8.69,Pediatrician
817,11139297,6.96,7.95,5.51,3.23,5.84,5.86,2.34,3.95,3.77,5.59,Software Quality Assurance Tester
818,2013447,8.62,3.81,5.81,7.51,4.18,8.94,6.56,5.95,3.17,9.09,Foreign Service Officer
819,10590148,7.99,8.1,4.22,6.49,5.32,5.37,3.3,5.01,8.59,6.18,Lawyer
820,9420263,6.43,4.78,6.51,6.29,4.45,5.54,2.63,6.86,7.39,6.28,Public Relations Specialist
821,13320314,5.47,7.57,6.23,5.39,4.32,8.89,4.15,8.1,4.12,6.86,Environmental Engineer
822,5540135,7.82,7.34,5.57,7.04,4.22,9.45,3.19,9.04,3.85,5.79,Data Analyst
823,12903199,5.0,6.96,7.19,8.35,5.95,5.38,3.79,6.88,6.6,4.88,Radiologic Technologist
824,7515594,8.32,7.27,9.3,7.44,5.34,4.54,6.89,6.84,3.91,6.79,Forensic Psychologist
825,10155213,7.07,7.78,7.09,5.72,5.76,5.68,2.82,8.73,3.99,7.8,Film Director
826,12412363,7.63,5.85,9.27,5.43,5.04,9.45,9.23,6.13,5.26,8.45,Web Developer
827,6409251,7.59,3.67,5.34,8.26,5.73,4.04,2.34,7.22,3.01,6.23,Database Administrator
828,13516112,8.79,7.33,6.55,5.05,5.01,8.15,4.09,4.53,3.01,6.4,Speech Pathologist
829,16209211,5.53,7.93,5.8,8.3,6.18,7.9,6.7,7.36,3.5,8.99,Zoologist
830,326591,6.6,7.58,6.56,9.34,3.96,8.06,4.1,8.55,3.01,7.51,Financial Planner
831,1717170,6.87,7.06,9.02,4.52,4.02,5.79,7.89,7.47,8.18,3.71,Teacher
832,3697712,2.67,7.42,5.35,8.71,6.01,4.19,7.2,3.07,3.92,9.34,Robotics Engineer
833,15451351,8.92,7.34,9.34,9.34,4.42,4.33,2.58,5.77,6.68,6.33,Investment Banker
834,13785070,8.45,8.68,5.74,5.12,4.25,4.92,3.36,7.98,3.21,6.47,Forestry Technician
835,5906253,7.62,7.39,5.41,6.06,5.55,5.72,3.83,4.63,6.56,6.73,Civil Engineer
836,8686810,8.66,6.66,6.61,6.51,6.1,8.82,3.64,7.14,4.79,8.34,Real Estate Agent
837,11066238,8.41,8.38,6.13,4.02,5.34,5.62,5.14,7.89,8.5,3.45,Database Administrator
838,10645871,8.13,7.47,4.36,5.22,5.8,9.38,2.68,6.81,3.73,6.92,Marketing Manager
839,11401057,7.1,8.2,4.69,6.67,5.58,4.4,9.23,9.34,3.58,7.05,Interior Designer
840,2493078,2.67,7.44,4.03,9.34,4.67,6.21,9.23,7.73,6.75,7.43,Elementary School Teacher
841,11492113,8.37,6.96,5.87,5.38,5.4,4.56,2.75,7.45,5.84,6.52,Pediatrician
842,11978952,6.24,6.67,4.66,4.5,3.64,5.75,9.23,7.43,7.1,9.34,Salesperson
843,15017269,8.9,6.68,4.48,8.58,5.86,7.55,7.25,9.34,8.98,7.33,Geologist
844,9716284,6.5,3.56,5.32,6.27,5.24,7.91,4.21,4.47,3.01,5.21,Customs and Border Protection Officer
845,4208729,6.01,3.56,4.06,5.49,6.27,9.05,5.81,5.02,3.57,6.99,IT Support Specialist
846,13814911,7.29,7.65,4.43,6.12,6.04,8.25,3.0,9.34,3.95,5.81,Electrical Engineer
847,16591299,6.65,7.38,5.46,5.53,5.56,5.07,3.9,6.38,8.97,7.56,Nurse
848,1050551,5.88,7.26,5.77,7.4,4.71,3.82,7.66,6.86,5.29,7.96,Public Health Analyst
849,3616412,7.05,8.72,6.69,4.66,3.85,9.45,5.85,5.11,8.36,8.94,Musician
850,12581684,8.32,8.6,5.01,5.53,5.92,9.45,3.1,5.25,5.8,5.81,Architect
851,5780285,3.58,8.5,5.21,4.23,6.59,8.21,3.45,8.26,3.15,7.3,Mechanical Engineer
852,16358729,7.29,5.32,4.34,7.05,4.43,9.17,2.77,9.34,3.33,6.28,Radiologic Technologist
853,8867482,5.15,7.6,4.63,5.9,4.61,3.91,2.46,4.97,3.01,6.69,Marketing Coordinator
854,12620868,6.58,7.05,3.64,8.51,4.86,8.13,4.55,8.42,8.43,7.4,Video Game Tester
855,14065162,5.69,7.36,8.77,6.39,5.92,5.38,4.81,7.6,3.76,6.19,Financial Planner
856,5165972,6.0,7.87,4.47,7.39,5.01,5.91,2.34,4.37,4.89,4.57,Electrical Engineer
857,14654174,6.56,7.64,5.57,6.94,3.38,9.45,2.94,4.29,3.01,5.28,Pharmacist
858,14889172,6.29,8.69,5.46,7.62,6.64,8.11,3.17,5.99,3.01,6.99,Foreign Service Officer
859,14410387,6.04,7.23,6.04,6.14,5.73,9.45,6.71,9.34,3.23,6.98,Event Photographer
860,10358443,5.19,8.25,3.29,7.37,5.73,8.64,3.89,4.66,3.31,5.44,Biotechnologist
861,12797515,2.67,6.95,5.9,3.95,6.27,9.41,3.57,6.91,7.63,8.58,Database Analyst
862,4504953,7.97,5.01,7.91,3.87,2.89,5.54,3.64,9.34,7.58,5.84,Technical Writer
863,8123407,7.81,7.59,4.95,7.34,5.7,5.52,3.71,7.01,3.28,7.74,Data Analyst
864,12393818,5.99,8.87,4.97,4.94,5.15,9.45,2.39,6.9,3.16,5.15,Insurance Underwriter
865,5323656,3.16,8.2,5.41,8.16,3.76,5.56,3.57,4.54,4.08,8.58,HR Recruiter
866,13446552,9.04,7.76,4.43,7.84,3.91,9.15,2.94,6.45,4.1,6.11,Human Rights Lawyer
867,3146461,6.71,8.41,7.6,6.32,4.57,5.1,4.28,3.33,6.87,6.21,Event Photographer
868,2063914,6.57,7.5,3.06,7.24,6.13,3.26,3.0,3.58,7.05,4.11,Fashion Designer
869,263763,5.69,6.75,5.04,7.63,3.79,8.01,9.23,4.3,5.7,8.09,IT Project Manager
870,10518784,3.59,7.22,7.25,5.96,5.1,9.45,2.63,3.01,5.92,9.21,Mechanical Designer
871,2245782,8.44,7.88,9.06,5.08,5.86,4.14,3.44,6.61,8.18,8.84,Astronomer
872,431373,7.15,6.82,3.64,7.1,3.68,9.45,2.34,7.4,3.17,6.57,Tax Collector
873,5304261,6.32,8.02,5.77,5.94,4.86,5.25,3.18,5.16,6.7,5.6,Social Media Manager
874,15512970,2.67,7.94,4.12,5.41,5.53,3.82,2.82,4.06,3.74,6.83,Police Officer
875,14139042,6.7,8.12,5.65,5.33,5.12,4.12,7.25,9.34,3.49,6.75,Financial Auditor
876,10060272,3.33,7.87,8.22,7.56,4.0,3.34,9.23,4.89,3.01,5.58,Aerospace Engineer
877,13205976,6.01,6.64,4.26,6.99,5.76,9.45,3.46,7.45,3.01,4.39,Environmental Scientist
878,6744020,5.25,9.45,7.98,4.55,5.1,9.45,2.57,4.9,3.94,7.08,Marriage Counselor
879,6123168,6.22,8.1,2.98,5.84,4.82,9.1,5.82,3.83,6.72,4.26,Pediatric Nurse
880,448725,5.47,8.26,4.27,7.39,6.62,4.83,5.19,3.28,6.9,7.75,Elementary School Teacher
881,4158790,5.57,7.08,7.33,7.01,5.38,3.04,4.51,4.48,9.34,6.28,Financial Auditor
882,11439956,7.55,6.8,6.04,6.82,4.84,5.13,3.2,7.84,3.01,8.21,Advertising Executive
883,8070085,7.55,6.85,9.34,8.4,6.08,8.02,4.21,4.2,9.34,8.24,Web Developer
884,10375005,9.32,7.11,5.4,5.84,4.7,8.65,3.95,4.08,5.94,7.08,Financial Analyst
885,14203403,5.99,7.65,4.22,7.05,4.75,9.19,3.39,3.42,3.01,9.34,Tax Accountant
886,11410237,7.59,6.47,6.54,5.56,4.04,4.54,3.32,6.49,3.35,8.57,Insurance Underwriter
887,5614965,7.55,8.2,4.73,5.96,3.7,9.45,7.88,4.73,4.58,7.05,Financial Auditor
888,11803282,7.88,8.59,5.78,6.01,4.11,5.29,3.98,3.51,5.72,8.72,Insurance Underwriter
889,4596728,2.67,7.84,8.56,3.23,4.52,5.38,4.82,7.2,4.66,5.22,Pediatrician
890,12928145,7.69,7.69,6.0,3.23,4.73,5.43,3.74,7.13,6.66,8.0,Pharmacist
891,12435987,5.88,7.69,8.1,6.8,5.84,6.43,2.57,5.95,6.94,6.2,Biotechnologist
892,2178422,8.8,7.74,5.71,5.04,5.54,6.12,9.04,6.25,8.44,5.88,Interior Designer
893,15258626,6.05,8.03,6.26,8.35,5.8,4.13,2.59,4.08,7.09,7.44,Public Health Analyst
894,9829371,8.26,7.77,4.72,7.27,5.67,9.45,7.97,7.07,8.49,6.37,Biologist
895,10997834,7.38,7.6,9.34,4.56,4.0,8.74,6.37,6.63,3.79,6.58,Industrial Engineer
896,11588634,6.56,7.67,2.89,8.87,5.52,9.27,3.62,6.82,3.04,9.28,Marketing Coordinator
897,482802,2.67,5.21,3.22,7.01,5.56,9.45,5.49,6.62,3.74,7.39,Biotechnologist
898,14840169,6.38,6.91,3.59,7.35,4.99,8.85,2.34,9.34,3.6,8.46,Data Analyst
899,7259377,6.08,6.52,4.08,5.66,4.98,6.38,3.23,4.12,3.01,9.26,Tax Accountant
900,13561269,8.25,7.22,9.34,5.96,6.13,9.28,2.54,3.43,3.01,6.79,Marketing Manager
901,9894393,8.96,8.68,6.07,5.7,5.52,5.41,8.16,4.13,5.51,6.37,Dental Hygienist
902,5173517,5.73,6.94,8.71,5.57,4.91,8.82,2.52,7.47,3.01,4.86,Electronics Design Engineer
903,8097812,7.49,6.82,5.8,6.63,6.31,9.45,6.36,4.08,7.4,7.57,Environmental Scientist
904,12696145,7.75,8.12,8.5,6.87,3.57,5.01,3.86,7.56,7.79,8.01,Marketing Copywriter
905,6665050,7.28,4.95,6.23,4.44,4.87,5.51,6.54,6.94,9.31,7.12,Marketing Copywriter
906,416537,7.71,7.61,9.34,6.03,4.92,6.12,2.84,4.31,7.58,8.07,Marketing Analyst
907,5865886,4.88,7.32,8.03,7.63,5.29,5.23,4.61,7.06,6.63,5.33,Pediatrician
908,12598441,5.66,7.84,2.89,5.52,5.51,9.45,5.04,4.77,5.37,6.67,Journalist
909,15488380,5.46,7.36,5.4,8.4,6.29,6.09,2.34,7.07,3.01,6.1,Financial Planner
910,2980746,7.01,7.98,4.92,6.86,4.29,5.1,9.06,7.35,3.98,9.25,Civil Engineer
911,8714725,6.9,7.35,8.54,6.04,5.45,4.76,4.69,8.41,4.75,7.68,Game Developer
912,4827631,7.96,6.99,9.34,5.78,5.35,9.09,3.97,9.18,8.57,5.07,Biomedical Engineer
913,8322215,8.47,7.66,5.23,6.78,5.86,6.01,2.59,3.76,3.01,8.03,Event Planner
914,16259504,7.45,7.91,4.93,3.67,5.96,5.11,6.4,7.4,3.85,6.21,Urban Planner
915,2032555,6.79,7.13,5.16,4.97,4.52,9.45,3.49,4.03,3.01,6.23,Artist
916,8682601,8.85,7.06,5.51,6.46,2.89,9.3,3.12,3.54,8.3,6.19,Rehabilitation Counselor
917,1557458,6.13,8.25,4.98,3.26,5.17,8.77,3.25,7.38,5.41,4.1,Financial Advisor
918,8062842,6.31,7.0,6.3,6.88,4.18,9.45,2.78,7.06,3.01,7.67,Product Manager
919,7150432,6.45,6.96,6.34,6.63,5.37,4.9,3.62,7.67,5.29,6.04,Rehabilitation Counselor
920,10738545,7.15,6.88,5.62,8.63,4.57,6.75,8.17,3.61,9.2,6.07,Event Planner
921,15048875,6.33,7.78,5.62,5.54,6.15,6.35,4.53,7.0,4.67,8.25,Financial Planner
922,234325,7.39,8.6,5.52,3.23,4.71,4.33,9.02,4.59,6.51,5.44,Police Detective
923,10373029,8.66,7.56,3.67,7.45,4.17,9.45,2.89,4.89,8.1,9.17,Human Rights Lawyer
924,3799014,7.66,6.76,6.78,6.2,4.56,8.98,8.69,7.34,6.46,9.34,Physician
925,5472175,8.45,3.56,5.93,6.2,4.37,6.09,2.34,6.13,4.24,9.32,Forensic Psychologist
926,1325222,5.62,7.06,3.83,5.35,6.4,9.25,7.21,5.76,5.47,5.06,Diplomat
927,9853688,6.53,7.26,5.19,5.51,3.8,5.92,2.77,8.21,3.3,7.54,Fashion Designer
928,6979404,3.81,7.7,7.97,6.49,3.91,5.66,3.61,5.83,5.16,6.26,Social Worker
929,2223197,5.52,7.57,4.71,7.18,3.68,8.75,3.24,6.02,7.85,5.97,Administrative Officer
930,2094370,8.8,3.6,3.79,6.08,4.96,8.38,3.59,5.03,5.71,6.57,Dental Hygienist
931,1771860,6.44,7.16,8.03,5.35,3.44,7.28,4.53,6.68,4.89,6.55,Real Estate Agent
932,16585117,7.89,7.35,4.65,6.09,3.91,5.43,3.47,8.4,3.6,4.98,Airline Pilot
933,5699700,7.43,7.33,5.63,3.61,3.05,9.45,3.65,4.68,7.03,6.64,Forensic Psychologist
934,15932614,7.64,7.78,5.2,5.43,5.65,4.46,3.9,5.76,3.46,8.54,Biotechnologist
935,16159130,6.46,3.56,5.97,9.32,4.03,5.81,3.92,6.21,4.81,4.85,Investment Banker
936,2282232,6.3,7.6,4.47,5.62,3.09,9.45,8.96,3.31,3.01,6.62,Biomedical Engineer
937,15802459,8.0,8.23,5.29,6.13,4.31,5.97,9.21,4.8,8.5,7.99,Civil Engineer
938,6096730,6.63,7.0,7.23,8.11,3.99,5.79,3.44,5.11,6.71,6.34,Insurance Underwriter
939,7490263,6.53,7.13,5.15,8.39,3.57,7.01,4.69,6.83,6.84,9.32,Technical Writer
940,5752610,6.2,5.77,8.69,7.05,6.09,8.33,8.59,9.34,4.56,9.13,Civil Engineer
941,9009643,5.72,9.37,9.34,8.45,6.52,4.92,8.16,3.22,3.01,5.15,Marine Biologist
942,4051938,5.69,7.03,6.31,7.06,4.34,8.27,8.28,5.13,4.48,6.34,IT Project Manager
943,6461520,5.71,7.54,6.01,6.67,6.09,9.34,3.02,3.59,7.66,9.34,Lawyer
944,16054169,6.87,4.3,5.25,4.5,4.05,8.75,2.55,6.13,3.44,7.35,Urban Planner
945,8962101,5.93,8.6,3.36,4.85,3.38,9.45,4.31,6.91,3.01,7.77,Teacher
946,6878950,5.7,5.98,9.34,6.19,6.09,6.31,5.49,6.96,8.52,6.39,Software Quality Assurance Tester
947,653695,5.33,6.35,3.71,6.22,5.48,9.45,2.71,7.27,3.02,8.89,Interior Designer
948,3397422,8.96,3.56,4.77,5.53,4.09,4.99,3.24,4.68,8.19,4.83,Insurance Underwriter
949,13698600,8.75,7.7,5.43,6.77,4.82,9.45,4.0,7.09,3.01,4.54,Robotics Engineer
950,8774970,6.39,7.41,9.03,6.94,2.89,8.73,2.34,9.34,7.85,5.66,Marketing Copywriter
951,2581538,6.22,7.28,4.54,5.58,5.74,6.12,3.57,8.02,8.05,8.53,Construction Engineer
952,14182682,8.47,8.46,8.6,5.54,5.8,8.15,3.68,3.69,4.71,7.84,Airline Pilot
953,1211379,6.87,7.58,8.36,5.9,4.86,5.13,3.13,7.69,3.01,7.57,Film Director
954,14628119,7.02,8.2,4.1,5.72,5.89,5.13,4.42,7.27,7.38,8.22,Civil Engineer
955,12957565,8.05,8.36,5.32,5.84,5.83,8.93,4.27,8.32,3.59,4.82,Forestry Technician
956,14889603,5.64,7.21,4.96,6.08,6.35,9.45,6.88,9.34,9.34,7.2,Film Director
957,11506080,5.07,7.21,4.15,7.42,4.87,8.91,5.02,6.6,3.8,7.1,Forensic Psychologist
958,841902,7.34,9.0,5.94,6.86,5.93,6.33,7.46,6.94,3.01,6.62,Quality Control Inspector
959,3256463,8.75,7.06,5.94,4.86,4.62,9.4,3.55,4.24,6.4,4.97,Speech Pathologist
960,3800083,6.0,6.62,4.62,4.2,5.37,4.63,5.44,9.34,7.03,4.35,Tax Accountant
961,5365534,5.98,4.72,5.75,4.1,6.01,9.45,2.41,9.18,3.01,5.65,Physician
962,3025741,5.2,8.33,5.65,6.97,2.89,9.45,3.89,6.79,3.01,9.34,Financial Auditor
963,14718482,5.9,7.87,9.34,6.15,6.12,8.87,2.36,4.1,3.01,6.02,Financial Planner
964,13572076,8.42,7.84,9.34,6.48,4.73,9.38,2.34,4.34,3.87,5.32,Environmental Scientist
965,2014768,8.43,3.56,5.14,5.6,5.38,5.31,2.56,4.87,4.35,7.46,Software Developer
966,10340676,6.45,7.6,6.05,5.53,4.2,5.63,2.34,9.34,5.57,6.68,Forensic Scientist
967,1399111,8.57,6.7,5.21,4.92,5.85,5.97,3.59,9.06,3.05,7.45,Pediatric Nurse
968,15262849,7.06,8.29,9.14,5.97,6.71,8.49,2.88,4.87,3.01,3.89,Dental Hygienist
969,15890723,8.63,6.57,5.32,8.02,6.21,5.54,4.93,6.89,3.31,7.16,Civil Engineer
970,3540922,7.15,7.31,6.59,6.9,3.57,8.66,3.73,6.81,4.13,8.81,Speech Therapist
971,2774303,7.36,8.92,5.53,8.32,4.86,5.4,2.34,6.63,3.01,8.08,Marketing Manager
972,9412013,6.76,8.18,5.35,4.88,5.94,9.45,2.34,3.82,6.27,6.32,Astronomer
973,10618688,7.16,7.95,8.39,4.18,3.94,8.74,2.54,6.8,7.2,8.2,Investment Banker
974,4665817,6.02,6.96,6.63,6.94,5.85,7.62,2.42,4.22,7.96,4.8,Lawyer
975,1189249,6.5,6.94,5.85,6.85,2.89,9.45,2.62,7.25,5.58,6.42,Wildlife Biologist
976,12161496,6.48,7.91,6.1,9.32,5.24,6.2,3.42,9.34,4.36,5.83,Administrative Officer
977,2244150,8.91,7.97,7.0,8.79,4.07,5.94,4.45,4.2,6.99,4.33,Marketing Coordinator
978,3956076,6.77,7.65,5.86,4.64,5.08,4.71,2.34,4.2,4.75,5.14,Data Analyst
979,3558063,5.27,6.7,6.48,4.03,5.76,5.7,5.8,8.54,3.17,8.29,Physical Therapist
980,10101843,7.88,6.86,5.73,5.99,5.77,4.69,5.54,6.95,6.89,5.35,Radiologic Technologist
981,14386077,8.53,9.34,9.34,7.23,2.89,4.77,7.12,3.14,6.46,6.53,HR Recruiter
982,6912722,7.35,8.34,4.62,5.82,6.29,5.88,2.34,6.24,3.42,9.34,Technical Writer
983,13361262,8.52,7.76,5.06,7.12,5.25,8.3,7.27,6.74,3.61,8.79,Fashion Designer
984,12510983,2.67,7.43,5.77,6.21,5.4,4.98,3.66,6.91,7.62,5.26,Research Scientist
985,8281622,8.09,6.72,4.9,9.28,6.47,9.14,9.23,4.06,6.19,4.23,Zoologist
986,1273669,2.67,7.7,7.29,4.75,3.92,9.43,3.75,4.35,3.21,6.79,Robotics Engineer
987,6930856,7.77,6.88,6.46,9.25,4.56,3.88,3.65,7.06,5.98,6.5,Graphic Designer
988,11473171,6.0,7.67,4.36,7.97,5.94,5.96,2.46,4.97,5.05,7.79,IT Support Specialist
989,5595743,6.06,7.2,3.42,7.27,3.11,5.78,2.34,8.95,4.64,7.81,Forestry Technician
990,12398118,6.78,8.35,6.53,9.01,3.91,9.45,2.34,3.01,6.65,5.27,Chef
991,15694650,6.29,7.49,6.99,4.4,4.92,8.32,3.88,6.74,7.39,7.01,Customs and Border Protection Officer
992,12593691,6.78,3.56,6.47,5.87,5.93,4.65,4.21,7.59,3.01,5.66,Construction Engineer
993,5532972,6.25,7.91,6.4,3.23,4.82,7.31,2.34,6.92,4.64,6.1,Event Photographer
994,14767716,6.54,8.78,6.05,9.34,5.83,3.57,2.65,4.2,3.63,6.66,Graphic Designer
995,11288616,5.9,8.72,6.51,7.56,6.0,9.45,3.32,4.75,3.84,8.35,Software Developer
996,645894,7.92,6.84,5.52,7.46,5.99,8.29,2.34,7.44,8.58,8.95,Musician
997,7854532,5.19,7.99,5.73,8.68,3.81,4.63,4.3,9.34,7.4,6.97,Financial Auditor
998,1440824,7.2,7.34,5.56,5.5,3.29,6.12,3.21,9.34,3.01,4.3,Market Research Analyst
999,4642148,6.71,6.95,4.56,7.69,2.89,6.0,3.69,7.64,3.01,8.27,Speech Therapist
